0,1,592.51,543.72,543.93,620.62,648.83,693.11,572.78,652.61,618.83,3.37
1,0,836.23,778.0,678.31,749.37,582.52,700.74,691.97,731.31,795.22,3.22333
0,1,812.49,587.04,572.36,686.78,447.29,676.8,512.53,659.34,700.08,2.81333
1,0,512.56,543.72,543.93,598.56,592.3,453.95,452.92,503.82,520.87,1.03333
0,1,607.08,510.46,676.95,613.95,513.0,573.57,521.43,488.14,607.91,2.94333
1,0,602.33,580.24,538.24,385.11,499.85,505.54,424.51,576.72,525.65,2.36
0,1,524.79,500.1,538.24,459.84,678.52,575.82,624.67,480.26,459.59,3.79
0,1,443.4,514.19,578.94,538.93,418.66,560.5,577.15,413.17,484.54,3.31667
1,0,757.41,606.96,632.43,584.4,525.37,622.67,496.74,731.07,657.77,2.35667
0,1,416.67,462.66,521.77,481.66,585.39,475.3,586.94,571.89,655.45,3.79
0,1,405.95,415.41,543.93,775.04,507.51,477.87,600.72,448.02,447.41,3.14333
0,1,399.97,338.85,516.1,595.96,689.77,489.93,726.44,456.71,407.15,2.44667
1,0,765.02,682.52,704.79,582.45,609.56,724.68,536.03,731.31,747.65,1.97333
1,0,531.16,570.49,476.64,600.96,627.74,560.5,543.29,664.85,534.15,1.9
1,0,497.89,649.84,637.43,434.19,533.38,665.91,442.36,420.53,551.48,1.89
0,1,592.51,620.71,490.79,510.31,479.24,573.53,613.39,466.62,447.41,2.63667
0,1,519.55,622.2,637.43,477.9,505.96,644.41,560.56,420.53,461.72,2.1
0,1,655.45,541.03,521.77,522.02,527.76,602.66,558.44,667.12,633.08,3.25
1,0,437.47,564.74,727.21,657.02,631.17,572.12,412.5,547.83,501.39,3.32333
0,1,485.9,620.71,543.93,466.19,450.98,621.36,501.64,578.21,594.34,2.86333
1,0,527.66,539.3,598.85,457.26,582.52,581.03,422.25,635.35,533.58,2.04667
1,0,688.19,763.85,723.29,704.46,757.36,692.41,705.14,718.15,657.16,3.57667
0,1,543.95,564.74,574.82,491.91,413.48,496.04,557.65,574.05,609.98,3.37
0,1,805.72,774.69,623.63,708.86,592.3,693.11,626.05,727.01,667.81,3.7
0,1,416.67,541.03,419.07,441.29,527.76,398.88,506.26,476.65,476.46,2.92667
1,0,519.55,677.47,567.04,477.9,560.8,450.87,551.6,581.25,753.44,1.69333
1,0,482.79,465.29,461.35,506.75,401.03,511.29,517.38,456.71,468.26,3.26333
0,1,728.62,542.34,578.94,642.31,601.6,480.78,655.39,645.49,633.35,2.55667
0,1,482.79,718.17,598.24,573.66,584.78,660.77,542.56,592.47,509.01,3.47333
1,0,647.64,763.85,630.61,686.36,668.5,597.34,662.57,649.14,731.03,3.71333
0,1,618.92,711.22,655.67,642.31,680.01,613.65,655.71,645.49,658.15,3.33333
0,1,627.86,594.57,613.97,565.34,560.8,644.41,510.76,489.41,573.92,3.22
1,0,621.15,545.46,561.4,625.22,591.14,477.5,656.2,638.14,478.24,1.72333
0,1,598.87,563.17,572.36,728.51,636.61,652.86,626.69,563.38,652.51,2.77667
0,1,565.86,672.04,623.63,752.98,677.09,669.2,630.6,578.21,618.83,4.0
0,1,485.9,543.72,597.06,510.31,564.03,621.36,585.45,466.62,447.41,1.81667
0,1,482.47,559.99,547.21,520.71,434.27,490.39,548.57,557.17,617.05,3.57667
1,0,598.87,563.17,466.42,603.32,582.52,581.03,492.38,563.38,604.94,1.82333
0,1,508.38,709.05,675.12,628.33,604.29,694.6,574.71,614.03,496.47,2.73667
1,0,459.25,543.72,490.79,554.43,507.51,573.53,518.86,708.41,618.83,1.73333
1,0,595.43,534.23,626.39,605.85,592.79,490.39,552.88,621.96,617.05,3.35667
0,1,541.21,511.66,426.25,543.48,423.71,536.89,518.4,466.45,484.16,3.04667
0,1,527.65,534.23,520.81,520.71,381.44,384.87,404.56,449.18,529.77,2.34333
1,0,456.45,419.95,439.93,498.99,474.34,485.26,479.7,635.35,462.23,1.45
1,0,543.95,587.72,640.13,546.94,679.54,572.12,445.21,495.4,501.39,3.86667
1,0,541.21,401.12,520.11,565.34,368.88,407.86,490.84,535.33,416.85,2.82
1,0,620.82,617.02,653.0,685.17,584.78,596.71,598.97,476.11,590.5,1.8
0,1,612.17,494.26,675.12,554.58,450.52,694.6,686.11,518.32,496.47,3.12333
0,1,485.9,518.06,570.49,554.43,479.24,669.2,675.76,615.41,496.39,3.55667
1,0,598.87,587.04,466.42,582.45,501.38,437.38,484.55,683.33,628.73,2.69
0,1,482.47,482.71,468.02,329.14,328.6,437.63,528.1,449.18,420.67,3.06
1,0,684.74,626.78,655.67,476.91,601.6,454.2,649.97,742.29,806.96,2.43667
1,0,543.95,518.79,553.05,565.29,582.79,521.4,537.21,678.9,501.39,3.16667
0,1,662.8,683.07,527.79,662.98,653.87,613.65,652.84,684.21,707.75,2.85667
1,0,437.29,585.74,573.6,627.14,672.04,569.53,662.41,470.78,464.31,1.72333
1,0,565.25,472.84,553.05,436.87,606.98,648.21,490.19,574.05,457.96,1.21
1,0,741.92,655.35,619.42,665.21,604.29,694.6,609.02,661.89,634.55,3.00333
0,1,708.38,663.02,758.37,563.28,672.04,648.67,578.37,686.75,726.15,3.87667
1,0,508.38,467.41,424.48,683.65,542.78,604.52,505.36,494.39,496.47,1.47333
0,1,667.91,586.47,584.27,650.16,446.36,716.18,615.52,672.15,681.79,3.27333
0,1,565.86,595.05,703.32,642.68,564.03,717.03,551.99,671.21,667.81,3.43333
0,1,455.18,440.0,516.1,417.54,453.53,554.0,464.16,417.93,447.89,1.87333
0,1,519.55,373.48,402.79,565.34,560.8,493.88,499.14,512.37,439.29,2.78
0,1,443.4,570.49,399.92,580.28,497.07,427.63,526.37,393.8,410.14,2.06667
0,1,437.29,508.47,336.04,584.57,513.53,464.01,503.68,449.18,507.95,1.44333
1,0,789.02,773.85,744.84,625.22,753.0,644.37,623.0,543.74,899.04,3.77667
0,1,363.61,541.03,444.75,400.93,441.3,577.19,347.48,452.85,498.83,3.28333
0,1,510.39,389.43,488.73,484.45,506.03,383.16,497.94,534.29,447.89,1.13333
1,0,638.12,521.11,508.03,609.89,512.03,574.5,490.98,614.03,611.54,3.72333
1,0,646.34,539.3,519.39,498.99,663.65,581.03,541.63,683.33,486.01,2.0
0,1,551.4,563.17,598.85,582.45,555.47,533.15,525.21,419.45,628.73,3.43
1,0,655.45,488.78,624.47,481.66,527.76,475.3,544.68,571.89,588.33,2.16667
1,0,663.2,611.5,626.39,499.43,619.2,543.15,450.89,708.35,595.23,2.66333
1,0,602.39,541.03,547.44,562.39,556.57,551.71,537.96,643.31,677.83,2.66667
0,1,476.23,456.39,496.64,434.19,478.55,558.39,492.16,489.41,439.29,2.47333
1,0,596.98,598.63,451.07,580.28,470.93,454.2,490.92,684.21,558.95,1.44333
0,1,706.68,598.63,655.67,662.98,706.14,666.79,568.21,664.85,608.55,3.2
0,1,455.18,440.0,461.35,484.45,584.78,575.35,406.48,456.71,447.89,2.4
0,1,572.83,534.23,547.21,605.85,592.79,622.29,609.62,492.37,529.77,2.34
0,1,510.39,566.44,543.48,462.14,453.53,639.41,364.73,514.89,529.38,2.94667
0,1,512.56,518.06,490.79,510.31,450.98,669.2,468.51,522.42,520.87,3.75
1,0,482.79,541.16,516.1,529.05,453.53,532.64,473.72,611.86,570.13,1.39
1,0,809.86,611.81,561.1,722.57,579.64,668.64,637.93,856.16,607.91,4.0
1,0,512.56,620.71,517.36,554.43,479.24,573.53,424.0,541.01,496.39,2.14
0,1,482.79,490.58,433.97,573.66,532.28,639.41,460.97,417.93,427.52,3.73333
1,0,602.39,645.51,496.09,622.93,527.76,526.24,487.69,595.69,521.21,2.75667
1,0,607.08,789.19,607.44,523.44,579.64,502.27,698.42,626.14,780.28,1.58333
0,1,390.32,494.7,538.47,547.26,510.21,620.53,492.42,472.94,367.5,0.16667
1,0,798.75,482.71,441.62,691.0,645.62,569.53,687.9,643.56,638.87,2.16667
1,0,432.72,515.43,598.85,582.45,528.43,557.09,432.32,443.44,462.23,1.61667
0,1,454.56,594.57,496.64,565.34,478.55,622.9,419.12,489.41,416.85,2.97333
1,0,411.24,566.93,567.04,456.04,451.13,622.9,512.42,512.37,461.72,3.75333
0,1,671.18,539.3,567.04,521.62,505.96,708.92,536.66,558.29,506.6,2.48667
1,0,725.77,543.72,650.19,598.56,592.3,573.53,507.49,652.61,667.81,2.99
0,1,505.06,482.71,494.41,563.28,460.69,569.53,484.64,427.58,420.67,2.18333
1,0,551.4,610.91,757.76,686.78,555.47,652.86,656.53,659.34,486.01,2.09
1,0,841.67,718.17,762.51,774.38,716.02,575.35,707.96,786.4,794.22,3.39
1,0,628.18,446.67,655.98,659.14,576.42,599.24,556.82,653.9,613.73,2.26667
1,0,505.06,482.71,626.39,478.14,592.79,595.91,508.35,470.78,442.49,3.11
0,1,627.36,611.81,653.78,414.82,557.43,573.57,422.85,557.14,755.66,2.89
0,1,646.34,491.56,651.82,540.72,582.52,652.86,518.12,539.4,581.16,3.20667
0,1,512.56,595.05,650.19,532.37,535.77,669.2,604.94,615.41,667.81,3.77
0,1,539.21,595.05,543.93,620.62,479.24,573.53,403.86,429.42,398.43,2.48333
1,0,750.56,654.93,630.09,538.93,784.55,613.65,558.31,684.21,633.35,3.13333
1,0,749.03,687.83,584.27,650.16,579.64,526.04,512.47,695.15,607.91,2.81667
0,1,516.22,621.59,561.4,449.81,591.14,620.53,494.64,496.54,500.39,2.58
0,1,705.08,520.08,492.61,586.24,510.21,549.01,605.3,638.14,633.27,3.14333
0,1,394.88,564.74,618.36,712.05,752.1,622.85,618.99,495.4,523.11,2.64333
1,0,649.52,677.47,637.43,630.92,588.21,644.41,583.14,512.37,596.36,2.7
0,1,584.54,539.3,543.57,587.2,560.8,730.42,603.73,535.33,529.04,3.16333
0,1,647.64,535.79,537.93,668.26,446.36,644.87,579.68,672.15,780.28,3.39667
1,0,690.02,601.65,452.33,517.7,573.54,604.52,609.02,685.82,588.53,2.61
0,1,772.5,514.19,706.82,497.59,549.33,533.92,569.48,703.57,682.95,3.43
1,0,392.1,456.95,494.41,563.28,487.11,569.53,575.86,535.57,486.13,2.15667
1,0,667.91,561.13,491.59,541.54,601.86,573.57,516.95,741.15,632.54,3.07
1,0,538.0,389.43,433.97,484.45,558.53,575.35,461.29,514.89,509.01,1.22333
1,0,546.25,561.13,584.27,505.34,668.5,454.74,411.65,672.15,534.04,0.77667
0,1,595.43,585.74,626.39,627.14,672.04,648.67,602.08,578.77,507.95,3.52333
0,1,595.43,611.5,679.18,648.42,513.53,648.67,735.31,643.56,617.05,3.83667
1,0,560.28,413.71,563.73,443.95,573.54,454.4,513.85,518.32,427.43,1.11
1,0,730.97,534.23,705.58,542.0,698.46,543.15,452.32,708.35,617.05,2.24333
0,1,628.92,593.27,547.44,643.11,556.57,526.24,600.06,762.35,677.83,2.19333
0,1,447.26,446.67,373.4,509.67,448.8,435.27,540.28,403.08,459.59,3.67
0,1,516.22,646.97,630.19,605.73,564.16,572.85,518.98,520.14,633.27,3.25667
0,1,510.39,490.58,488.73,529.05,506.03,575.35,595.78,437.32,590.5,3.6
1,0,501.36,541.77,792.52,657.02,752.1,622.85,377.75,600.26,436.24,0.3
0,1,443.4,457.9,630.09,538.93,575.47,533.92,394.15,413.17,459.74,3.47667
1,0,688.19,586.47,653.78,595.85,624.07,549.81,624.49,580.14,534.04,2.65667
1,0,685.79,663.02,547.21,627.14,645.62,595.91,566.88,665.16,617.05,2.22333
1,0,638.12,709.05,786.52,665.21,635.05,724.62,459.25,637.96,657.57,3.03667
1,0,896.88,794.04,844.65,707.47,637.27,639.41,642.63,786.4,733.11,3.63
1,0,752.42,723.36,543.93,510.31,564.03,669.2,537.7,671.21,545.36,2.82333
1,0,598.87,563.17,545.88,665.91,501.38,628.91,490.14,587.37,866.58,2.46667
0,1,584.54,566.93,707.83,587.2,615.63,601.4,513.08,512.37,663.68,3.2
1,0,788.76,610.91,704.79,603.32,690.7,533.15,463.28,611.36,628.73,1.95
0,1,566.53,611.81,561.1,686.36,557.43,549.81,503.51,534.14,632.54,2.41
1,0,671.72,748.55,727.21,693.71,776.29,597.48,586.28,600.26,740.28,2.01
0,1,497.89,539.3,496.64,543.48,533.38,601.4,500.47,489.41,641.24,2.41667
1,0,485.9,697.7,597.06,466.19,564.03,501.78,404.84,727.01,569.85,2.22333
1,0,543.95,495.82,553.05,675.36,558.6,597.48,702.81,600.26,457.96,0.30333
0,1,485.9,569.39,703.32,576.49,422.72,573.53,585.45,522.42,447.41,2.87667
0,1,482.79,667.6,461.35,529.05,637.27,703.48,403.93,476.11,509.01,3.81
0,1,443.4,570.49,425.49,497.59,549.33,533.92,397.98,393.8,434.94,3.54
0,1,497.89,428.75,613.97,456.04,560.8,493.88,417.46,443.49,461.72,2.58333
1,0,650.43,702.6,596.59,657.02,631.17,698.93,600.59,495.4,544.82,3.18333
0,1,628.18,660.39,655.98,684.05,601.95,716.36,525.43,615.31,613.73,2.75
1,0,593.21,541.16,653.0,551.35,558.53,660.77,546.38,689.43,590.5,2.65333
1,0,798.75,714.54,652.79,691.0,724.88,754.2,715.92,751.55,791.61,3.32
0,1,455.18,465.29,516.1,506.75,506.03,468.58,319.79,417.93,346.03,1.92333
0,1,705.08,621.59,698.98,625.22,726.03,596.69,649.56,826.94,766.16,3.45333
0,1,346.25,456.39,355.86,456.04,505.96,364.86,512.75,397.57,416.85,3.36667
0,1,485.9,518.06,703.32,664.74,677.09,788.78,754.04,559.61,545.36,3.82667
0,1,670.08,610.91,651.82,582.45,555.47,748.62,624.07,611.36,700.08,3.53333
1,0,497.89,566.93,449.71,652.77,643.05,515.38,622.32,489.41,529.04,1.75
1,0,575.13,563.17,651.82,582.45,609.56,604.97,718.46,611.36,604.94,3.46667
0,1,685.79,559.99,494.41,627.14,487.11,516.77,620.39,665.16,682.51,2.57667
1,0,522.65,702.6,661.9,510.25,631.17,622.85,555.61,495.4,457.96,1.89333
1,0,628.92,541.03,573.12,602.75,556.57,602.66,604.86,500.46,476.46,1.66667
0,1,550.24,611.5,468.02,584.57,487.11,543.15,587.71,492.37,595.23,2.1
1,0,512.56,595.05,517.36,422.07,507.51,645.28,558.49,559.61,422.92,2.97667
1,0,708.47,586.47,584.27,414.82,535.21,597.34,512.47,672.15,681.79,3.0
1,0,503.92,539.3,492.9,624.18,555.47,533.15,524.09,467.43,604.94,2.75667
0,1,575.13,587.04,572.36,624.18,663.65,652.86,523.35,587.37,581.16,3.88667
1,0,485.9,492.4,517.36,422.07,535.77,430.03,513.98,503.82,496.39,0.08333
1,0,794.44,823.81,706.82,600.96,732.28,693.37,662.42,781.01,881.36,3.41333
0,1,394.88,472.84,531.28,693.71,606.98,698.93,516.77,469.19,479.67,3.28333
1,0,551.4,658.65,625.33,624.18,636.61,461.32,699.8,515.41,628.73,1.33333
1,0,741.28,634.78,651.82,457.26,474.34,652.86,608.03,611.36,628.73,2.97333
0,1,584.54,484.02,543.57,630.92,451.13,665.91,614.35,443.49,484.16,2.20667
1,0,629.13,679.62,683.67,546.94,631.17,673.57,549.48,547.83,566.54,0.46667
1,0,598.87,491.56,572.36,603.32,690.7,604.97,548.34,563.38,509.8,1.83333
0,1,550.24,456.95,441.62,563.28,487.11,622.29,575.86,449.18,398.85,3.72333
0,1,456.45,443.82,545.88,478.12,609.56,557.09,565.5,395.46,414.66,3.95333
1,0,534.33,413.71,675.12,536.14,512.03,424.37,455.93,446.54,473.46,1.33333
0,1,443.4,514.19,374.34,414.89,418.66,560.5,385.21,393.8,459.74,3.27
0,1,480.19,634.78,492.9,457.26,420.25,413.44,487.91,419.45,604.94,3.31
0,1,482.79,440.0,516.1,573.66,374.79,511.29,425.28,417.93,386.77,2.18333
0,1,684.1,596.21,630.19,644.71,645.09,644.37,671.69,779.74,611.12,3.4
0,1,432.6,543.72,570.49,598.56,450.98,621.36,545.5,485.22,520.87,3.20667
1,0,482.43,521.11,535.88,628.33,573.54,664.57,620.08,614.03,588.53,3.20333
0,1,595.43,611.5,626.39,605.85,672.04,648.67,639.42,686.75,682.51,3.71
0,1,482.47,585.74,494.41,499.43,355.02,543.15,376.91,492.37,507.95,2.89333
1,0,628.18,526.81,561.79,808.61,678.52,435.27,615.55,596.02,569.69,3.0
0,1,749.03,839.87,746.46,632.05,646.29,739.94,599.84,764.15,780.28,3.95333
1,0,663.12,723.1,584.33,586.24,645.09,572.85,574.31,685.34,611.12,2.89667
0,1,703.64,642.31,516.1,662.87,611.02,532.64,548.61,747.61,651.62,2.36667
1,0,757.41,553.53,561.79,484.76,601.95,552.39,678.33,692.48,723.83,2.62333
1,0,628.18,633.67,608.88,684.05,550.9,528.97,432.61,673.19,701.81,2.81667
1,0,841.67,591.73,653.0,529.05,689.77,639.41,573.79,573.07,651.62,2.32333
0,1,432.6,441.07,411.1,510.31,450.98,453.95,282.37,392.22,471.9,2.44
1,0,788.76,730.26,678.31,624.18,663.65,604.97,600.2,755.3,819.01,3.76667
0,1,621.15,621.59,492.61,625.22,483.23,549.01,503.49,520.14,611.12,2.77667
0,1,684.74,683.07,681.24,642.31,497.07,640.22,548.09,509.97,558.95,2.58667
1,0,714.31,564.74,531.28,436.87,582.79,445.31,555.61,495.4,653.41,1.94333
1,0,602.33,580.24,444.04,659.14,627.47,669.52,607.11,653.9,635.75,2.94
0,1,706.68,626.78,630.09,621.63,575.47,454.2,579.38,548.69,583.75,2.50667
1,0,363.61,358.18,496.09,481.66,556.57,551.71,477.13,429.04,521.21,1.47667
0,1,565.86,492.4,464.23,576.49,507.51,501.78,390.22,485.22,447.41,3.36
0,1,584.54,677.47,660.9,543.48,725.3,579.9,659.51,856.77,708.56,1.0
0,1,859.03,697.7,650.19,752.98,677.09,693.11,704.02,708.41,765.77,3.66333
0,1,509.22,401.6,425.49,683.65,392.53,507.35,599.19,703.57,410.14,3.95333
0,1,469.73,619.39,547.44,663.3,498.94,602.66,607.74,548.08,498.83,3.26333
1,0,688.19,713.17,630.61,559.64,446.36,573.57,646.89,695.15,632.54,4.0
1,0,607.84,610.7,705.44,583.63,679.54,673.57,494.28,626.47,631.69,3.46667
0,1,501.36,587.72,574.82,565.29,679.54,597.48,637.39,574.05,414.52,3.86667
0,1,510.39,541.16,598.24,462.14,558.53,596.71,470.22,495.5,468.26,3.59
0,1,565.86,595.05,597.06,576.49,535.77,669.2,668.29,541.01,569.85,4.0
0,1,482.79,414.72,488.73,551.35,558.53,618.06,525.03,534.29,549.75,2.18333
1,0,503.92,467.69,598.85,436.39,744.79,437.38,572.96,635.35,438.44,3.66667
0,1,565.61,718.17,570.86,551.35,584.78,724.83,572.52,592.47,671.99,3.52333
0,1,379.3,620.71,517.36,488.25,564.03,621.36,470.46,522.42,545.36,2.88667
1,0,549.32,645.51,624.47,663.3,585.39,679.08,684.58,476.65,677.83,3.65
1,0,395.56,526.81,585.34,534.58,499.85,482.12,366.45,383.79,371.51,3.75
1,0,551.4,515.43,572.36,498.99,528.43,461.32,496.49,611.36,652.51,1.87333
1,0,620.82,515.87,543.48,462.14,584.78,682.12,479.78,631.25,631.24,2.08667
1,0,447.26,500.1,491.14,310.37,550.9,505.54,473.11,422.37,481.61,2.91333
0,1,537.21,697.72,538.47,430.31,645.09,668.21,642.92,520.14,544.68,2.70333
0,1,627.36,459.78,607.44,595.85,690.71,621.11,608.8,695.15,657.16,2.22333
0,1,769.3,586.47,537.93,487.23,557.43,430.97,478.86,511.14,632.54,3.22667
0,1,469.73,410.42,419.07,461.48,441.3,424.35,448.96,476.65,454.08,0.69333
1,0,444.86,485.12,537.93,559.64,535.21,526.04,472.14,488.14,435.55,0.75
1,0,550.24,663.02,573.6,605.85,698.46,595.91,548.57,492.37,682.51,3.47333
0,1,432.6,646.38,623.63,576.49,677.09,669.2,513.98,541.01,545.36,1.9
0,1,619.16,518.06,676.76,642.68,564.03,764.86,552.97,708.41,569.85,3.65
0,1,676.03,667.6,598.24,640.56,611.02,746.19,656.97,553.68,651.62,3.91333
1,0,560.28,655.35,730.82,536.14,758.07,484.42,499.83,661.89,588.53,1.29
0,1,715.97,762.74,758.67,702.08,696.56,694.6,703.08,757.6,772.63,3.95333
1,0,510.39,515.87,543.48,595.96,558.53,532.64,565.82,495.5,570.13,2.02667
0,1,550.64,553.53,608.88,484.76,499.85,482.12,612.51,499.55,437.57,3.22333
1,0,531.16,514.19,578.94,497.59,653.87,401.05,438.86,568.05,434.94,1.25
0,1,728.62,486.04,527.79,683.65,680.01,666.79,642.62,761.65,658.15,3.82
0,1,549.32,593.27,624.47,542.2,498.94,755.49,587.58,476.65,633.08,3.93333
1,0,726.07,520.08,698.98,449.81,753.0,620.53,580.95,685.34,566.83,1.98
0,1,821.34,714.54,705.58,733.57,698.46,727.82,711.96,751.55,791.61,3.54667
0,1,551.4,539.3,360.48,457.26,447.29,461.32,596.84,491.42,462.23,3.54333
1,0,628.92,488.78,624.47,663.3,585.39,628.13,598.14,619.5,677.83,2.4
1,0,798.75,637.26,652.79,627.14,592.79,622.29,727.77,773.15,769.79,3.36
0,1,459.88,637.26,494.41,499.43,592.79,543.15,490.39,427.58,420.67,2.7
0,1,705.08,875.36,721.91,683.7,779.98,644.37,556.61,661.74,854.75,3.38667
1,0,443.4,429.75,604.52,518.26,470.93,427.63,452.59,432.53,509.35,3.91667
1,0,768.04,723.1,721.91,605.73,591.14,715.88,565.46,685.34,832.6,2.53333
0,1,487.28,514.19,527.79,476.91,549.33,613.65,520.94,432.53,410.14,3.33333
1,0,705.08,570.83,538.47,527.77,537.18,572.85,474.72,590.94,566.83,1.91667
1,0,480.06,403.92,727.21,693.71,534.42,597.48,618.99,547.83,436.24,1.02
1,0,575.04,908.25,425.49,621.63,575.47,454.2,679.99,626.13,509.35,4.0
1,0,728.75,662.49,584.27,668.26,601.86,644.87,548.31,787.15,558.67,3.27667
1,0,505.06,508.47,600.0,584.57,487.11,675.05,612.13,643.56,595.23,1.5
0,1,455.18,414.72,598.24,439.84,453.53,554.0,521.21,476.11,407.15,2.97333
1,0,670.08,539.3,704.79,645.05,609.56,724.68,567.74,659.34,676.3,2.85
0,1,649.52,428.75,543.57,412.33,560.8,601.4,510.43,581.25,484.16,1.69333
1,0,416.67,436.54,547.44,441.29,527.76,475.3,391.33,452.85,454.08,1.17333
0,1,525.97,510.46,653.78,740.67,601.86,621.11,593.12,488.14,534.04,1.33333
1,0,443.4,570.49,655.67,662.98,653.87,587.07,547.13,548.69,682.95,3.94333
1,0,399.52,457.9,578.94,642.31,627.74,507.35,508.48,432.53,410.14,3.21
0,1,648.42,692.89,570.86,595.96,637.27,639.41,663.98,650.64,651.62,3.27333
1,0,430.54,494.26,702.97,554.58,573.54,694.6,558.48,422.61,427.43,2.17667
0,1,778.2,840.45,727.21,601.98,848.85,800.38,719.16,757.55,827.15,3.68
0,1,482.43,521.11,563.73,591.45,573.54,604.52,582.83,398.68,496.47,3.57333
1,0,642.13,621.59,767.77,547.26,591.14,525.18,565.46,826.94,766.16,2.86667
1,0,538.0,541.16,516.1,439.84,506.03,489.93,335.41,495.5,509.01,2.05667
0,1,560.28,601.65,786.52,665.21,635.05,664.57,685.0,518.32,519.49,3.78667
1,0,539.21,441.07,570.49,576.49,705.35,573.53,395.74,429.42,422.92,2.26667
0,1,654.03,526.81,655.98,559.49,576.42,646.09,596.65,634.6,679.79,2.15
0,1,620.82,667.6,625.62,662.87,689.77,767.54,762.14,495.5,610.87,3.82333
0,1,549.32,541.03,598.79,441.29,527.76,551.71,446.4,524.27,498.83,3.47333
1,0,708.38,637.26,863.95,605.85,724.88,701.44,599.56,643.56,769.79,3.46
1,0,805.72,569.39,490.79,576.49,705.35,597.45,581.55,727.01,716.79,2.33333
0,1,482.43,547.95,591.58,702.08,573.54,604.52,475.67,590.11,473.46,1.2
1,0,485.9,569.39,756.46,664.74,677.09,764.86,723.18,503.82,496.39,2.91
1,0,459.25,441.07,517.36,576.49,507.51,597.45,568.23,466.62,398.43,2.87667
0,1,538.0,490.58,653.0,640.56,479.78,554.0,718.16,573.07,570.13,3.95333
0,1,437.29,431.19,494.41,669.71,513.53,622.29,597.41,449.18,442.49,0.46667
0,1,693.81,610.91,704.79,624.18,663.65,581.03,395.39,563.38,581.16,1.90333
0,1,671.18,760.38,637.43,543.48,643.05,536.89,708.98,696.05,641.24,2.57
0,1,454.56,566.93,473.18,521.62,341.46,450.87,582.81,397.57,439.29,2.83667
0,1,649.52,649.84,567.04,630.92,533.38,558.39,493.49,650.13,618.8,2.48
1,0,560.28,467.41,647.27,536.14,604.29,484.42,526.02,590.11,542.5,1.96
0,1,618.02,585.74,705.58,584.57,645.62,464.01,572.99,621.96,507.95,2.78333
1,0,579.18,596.21,584.33,566.75,591.14,668.21,656.2,614.54,566.83,2.00667
1,0,399.97,617.02,488.73,551.35,532.28,447.23,591.96,456.71,610.87,1.77667
0,1,551.4,515.43,625.33,498.99,609.56,533.15,575.95,587.37,533.58,3.81333
0,1,404.3,510.46,607.44,577.75,557.43,549.81,467.66,465.13,435.55,3.87667
1,0,482.79,541.16,598.24,328.33,611.02,425.87,418.59,456.71,447.89,1.95333
0,1,607.08,662.49,584.27,432.93,557.43,597.34,575.2,626.14,632.54,3.64667
1,0,519.55,456.39,473.18,456.04,505.96,450.87,529.02,489.41,461.72,3.12333
0,1,600.16,494.7,630.19,664.2,483.23,644.37,603.08,590.94,677.57,1.33333
1,0,663.12,646.97,630.19,586.24,510.21,596.69,594.23,779.74,655.42,0.46667
0,1,482.43,440.56,396.63,591.45,573.54,484.42,620.45,637.96,634.55,2.83333
0,1,725.77,595.05,597.06,664.74,564.03,693.11,577.33,727.01,667.81,3.44333
1,0,465.14,409.1,723.29,704.46,579.64,644.87,622.25,465.13,460.17,1.13333
0,1,565.61,414.72,406.59,685.17,558.53,468.58,521.21,437.32,509.01,3.46
1,0,565.86,492.4,517.36,554.43,564.03,573.53,541.27,652.61,594.34,1.97
1,0,664.07,655.35,730.82,573.02,542.78,454.4,537.09,637.96,473.46,0.54333
0,1,485.9,389.75,543.93,598.56,507.51,717.03,579.6,559.61,618.83,3.79
1,0,708.51,671.63,521.77,602.75,643.03,526.24,532.83,643.31,722.58,2.12667
0,1,527.66,539.3,572.36,582.45,501.38,604.97,522.23,419.45,486.01,2.28
0,1,606.2,649.84,731.29,565.34,670.46,687.42,608.05,420.53,641.24,3.47333
1,0,527.65,405.43,573.6,542.0,539.95,411.25,595.97,600.36,595.23,1.45
0,1,566.53,637.15,653.78,686.36,535.21,597.34,431.81,488.14,509.42,3.14667
0,1,606.2,622.2,637.43,434.19,560.8,687.42,515.08,489.41,641.24,3.47667
1,0,572.83,534.23,573.6,563.28,592.79,411.25,578.37,513.97,551.59,2.3
1,0,482.47,482.71,468.02,605.85,434.27,543.15,361.83,513.97,442.49,3.63
0,1,768.04,799.23,790.7,722.68,699.05,620.53,516.77,708.94,899.04,3.17
0,1,427.58,414.72,461.35,529.05,401.03,554.0,556.9,398.54,447.89,2.07333
1,0,527.66,563.17,651.82,540.72,636.61,604.97,474.1,491.42,533.58,3.94333
1,0,537.21,545.46,653.12,527.77,564.16,525.18,481.36,472.94,522.53,2.99333
0,1,607.08,662.49,607.44,613.95,624.07,668.64,642.41,649.14,706.41,3.8
0,1,645.81,466.74,650.19,488.25,592.3,573.53,454.21,671.21,520.87,2.44333
1,0,767.87,655.35,758.67,573.02,696.56,634.55,592.78,877.24,726.61,3.76667
0,1,602.33,553.53,585.34,509.67,448.8,528.97,632.43,538.14,547.67,3.0
0,1,619.16,723.36,597.06,708.86,648.83,812.7,628.98,671.21,643.32,3.93333
0,1,519.55,511.66,567.04,499.76,478.55,407.86,494.82,420.53,416.85,2.0
1,0,510.39,642.31,570.86,685.17,663.52,596.71,620.64,611.86,549.75,1.89
0,1,541.21,566.93,590.5,587.2,478.55,515.38,590.45,650.13,551.48,2.33333
1,0,841.67,692.89,543.48,707.47,689.77,511.29,595.46,786.4,712.73,3.39
0,1,794.44,795.66,630.09,704.33,758.41,693.37,700.43,761.65,831.76,3.77667
0,1,443.4,542.34,348.77,435.56,392.53,480.78,345.6,451.89,484.54,1.11667
1,0,560.28,521.11,591.58,554.58,696.56,514.45,455.93,661.89,519.49,2.25
0,1,487.28,542.34,655.67,704.33,601.6,533.92,593.76,606.77,509.35,2.7
0,1,579.18,570.83,607.26,488.79,510.21,596.69,598.66,567.34,544.68,1.92
0,1,618.02,585.74,626.39,627.14,592.79,754.2,706.58,729.95,682.51,3.07
0,1,531.16,457.9,476.64,476.91,549.33,507.35,407.24,606.77,509.35,2.72333
0,1,482.79,541.16,598.24,640.56,506.03,660.77,681.51,514.89,468.26,3.69333
1,0,649.52,539.3,684.36,565.34,643.05,601.4,515.74,535.33,708.56,3.19
0,1,498.95,393.24,444.04,459.84,423.27,411.84,398.86,460.96,459.59,3.82333
1,0,814.63,645.51,496.09,542.2,643.03,602.66,490.9,667.12,610.7,3.05333
0,1,772.5,880.1,757.97,621.63,601.6,613.65,634.32,742.29,806.96,3.62667
1,0,703.64,692.89,707.75,529.05,584.78,596.71,632.11,534.29,692.36,3.22
0,1,411.3,570.83,423.82,586.24,456.25,549.01,598.66,496.54,389.65,3.27667
1,0,628.92,567.15,598.79,522.02,527.76,551.71,587.26,619.5,789.7,2.66667
0,1,473.1,526.81,538.24,484.76,423.27,622.67,479.86,441.67,415.55,2.46667
0,1,454.56,456.39,543.57,543.48,478.55,472.38,519.72,397.57,439.29,2.76667
0,1,692.85,566.93,613.97,609.06,643.05,687.42,637.93,650.13,663.68,3.45667
1,0,607.84,679.62,705.44,657.02,655.35,648.21,629.21,652.69,414.52,2.94667
0,1,538.0,490.58,516.1,551.35,611.02,639.41,541.6,747.61,631.24,1.97
0,1,714.51,705.11,754.76,543.48,615.63,730.42,545.29,535.33,596.36,3.61667
1,0,572.83,508.47,600.0,584.57,487.11,595.91,499.37,535.57,398.85,1.44333
1,0,814.63,593.27,598.79,501.84,614.21,653.6,609.99,643.31,633.08,3.15
1,0,602.39,488.78,573.12,663.3,470.12,449.82,647.12,595.69,543.58,0.0
1,0,619.16,672.04,650.19,730.92,564.03,621.36,617.28,689.81,643.32,2.0
1,0,649.52,649.84,660.9,477.9,670.46,515.38,469.92,581.25,618.8,0.39
1,0,685.79,688.78,600.0,627.14,698.46,675.05,630.45,729.95,660.69,2.53333
1,0,562.87,511.66,613.97,609.06,505.96,536.89,584.14,420.53,484.16,2.73333
1,0,576.49,526.81,632.43,509.67,678.52,458.69,515.64,788.95,393.53,2.08333
0,1,408.98,539.3,572.36,415.53,393.2,413.44,514.39,491.42,414.66,3.85667
0,1,487.28,654.93,578.94,435.56,601.6,640.22,615.79,529.33,459.74,2.79333
0,1,465.34,486.04,604.52,704.33,523.2,587.07,710.01,645.49,459.74,3.66667
0,1,692.85,622.2,590.5,674.63,560.8,601.4,556.25,673.09,708.56,1.76333
1,0,505.06,534.23,441.62,456.85,381.44,464.01,502.24,405.98,420.67,3.69
1,0,437.29,405.43,705.58,414.28,460.69,358.49,583.04,405.98,529.77,2.88667
1,0,522.65,472.84,553.05,601.98,510.23,572.12,600.59,521.62,501.39,2.52333
1,0,602.33,580.24,703.08,783.7,601.95,692.94,661.46,731.07,723.83,3.82333
0,1,474.25,570.83,515.54,527.77,510.21,596.69,492.42,520.14,566.83,3.10333
1,0,456.48,547.95,480.18,591.45,512.03,544.47,555.16,422.61,542.5,3.11
0,1,437.29,405.43,600.0,520.71,355.02,516.77,478.54,492.37,464.31,2.96
0,1,408.98,539.3,439.93,436.39,420.25,509.21,442.39,563.38,486.01,1.95
0,1,606.2,622.2,543.57,543.48,533.38,622.9,539.31,741.97,753.44,3.13333
1,0,627.86,539.3,567.04,565.34,697.88,601.4,421.11,627.17,506.6,3.04
0,1,509.22,570.49,553.37,476.91,549.33,587.07,544.25,587.41,509.35,3.25
1,0,809.86,839.87,746.46,668.26,757.36,763.71,693.94,649.14,706.41,3.16667
0,1,421.46,373.46,476.64,414.89,444.8,587.07,519.66,432.53,410.14,3.4
0,1,645.81,620.71,543.93,642.68,507.51,693.11,711.49,615.41,569.85,3.64
0,1,586.54,748.55,727.21,528.6,606.98,521.4,590.37,521.62,696.85,2.63
1,0,646.34,634.78,625.33,707.64,636.61,557.09,644.96,659.34,628.73,3.2
1,0,510.39,465.29,488.73,350.63,506.03,361.81,382.58,456.71,427.52,2.08333
1,0,595.43,585.74,652.79,605.85,645.62,490.39,634.4,621.96,617.05,1.86667
1,0,512.56,543.72,729.89,532.37,592.3,597.45,630.28,541.01,471.9,3.55667
0,1,527.65,559.99,468.02,605.85,460.69,411.25,537.43,513.97,638.87,3.05667
0,1,671.72,679.62,683.67,601.98,437.67,597.48,537.21,574.05,718.56,3.14
1,0,618.92,683.07,527.79,662.98,575.47,587.07,516.79,568.05,558.95,2.45667
1,0,638.12,682.2,758.67,646.77,512.03,634.55,541.88,661.89,611.54,2.81
0,1,566.53,459.78,653.78,523.44,535.21,644.87,635.69,465.13,632.54,3.17333
0,1,645.81,569.39,703.32,730.92,592.3,740.95,632.55,615.41,618.83,3.32333
0,1,405.95,466.74,570.49,576.49,450.98,740.95,590.65,410.82,447.41,3.51667
1,0,459.88,431.19,494.41,435.57,487.11,516.77,547.13,492.37,486.13,2.81667
1,0,638.12,628.5,619.42,646.77,665.8,574.5,639.63,661.89,565.51,2.25667
0,1,642.13,494.7,538.47,605.73,429.27,572.85,536.69,543.74,788.3,2.98333
0,1,465.34,598.63,476.64,538.93,575.47,560.5,617.07,509.97,434.94,2.37333
1,0,485.9,492.4,623.63,598.56,535.77,549.61,555.56,578.21,520.87,3.19
1,0,421.41,473.38,561.79,534.58,550.9,505.54,392.78,480.26,547.67,2.81
1,0,681.98,567.15,573.12,703.66,671.85,449.82,620.87,595.69,610.7,3.36667
0,1,586.23,762.74,758.67,665.21,573.54,694.6,683.89,661.89,565.51,2.82333
0,1,638.12,547.95,647.27,517.7,450.52,664.57,547.78,470.47,611.54,3.24
0,1,593.21,566.44,570.86,506.75,637.27,554.0,638.16,670.04,610.87,2.45667
0,1,377.58,457.9,399.92,456.24,470.93,454.2,463.13,451.89,410.14,3.18333
1,0,454.56,428.75,426.25,609.06,478.55,472.38,473.57,420.53,416.85,2.57667
0,1,549.32,697.75,496.09,481.66,671.85,551.71,502.1,595.69,610.7,3.23
0,1,642.13,570.83,630.19,605.73,726.03,692.05,609.72,685.34,611.12,2.90333
0,1,432.72,515.43,466.42,561.58,501.38,437.38,541.63,491.42,462.23,3.38333
0,1,584.54,732.75,590.5,609.06,533.38,644.41,651.21,627.17,686.12,3.16333
1,0,667.91,459.78,607.44,505.34,646.29,430.97,519.19,718.15,657.16,3.84
0,1,620.82,642.31,488.73,774.38,611.02,746.19,640.4,689.43,671.99,2.76333
1,0,456.48,386.86,563.73,628.33,389.01,754.64,644.43,542.25,450.45,3.61667
0,1,408.98,467.69,519.39,519.85,555.47,533.15,507.3,419.45,390.87,3.90667
0,1,619.16,492.4,676.76,554.43,620.56,669.2,642.95,689.81,716.79,3.32
1,0,519.55,511.66,613.97,543.48,560.8,515.38,389.9,512.37,573.92,1.2
0,1,586.8,586.47,584.27,523.44,557.43,573.57,532.63,557.14,484.79,3.08667
1,0,575.04,345.31,527.79,497.59,549.33,560.5,492.2,645.49,682.95,3.6
1,0,684.74,486.04,655.67,621.63,706.14,587.07,652.52,703.57,583.75,2.05333
0,1,671.18,677.47,637.43,565.34,588.21,730.42,638.92,673.09,596.36,3.46667
0,1,414.7,482.71,547.21,563.28,513.53,569.53,614.64,449.18,420.67,3.14333
1,0,509.22,486.04,553.37,414.89,549.33,427.63,362.85,451.89,583.75,2.1
1,0,560.28,467.41,563.73,536.14,512.03,424.37,442.29,614.03,565.51,0.64333
0,1,758.85,642.31,680.38,640.56,663.52,724.83,575.38,495.5,549.75,3.55667
1,0,690.02,682.2,591.58,646.77,665.8,484.42,485.08,661.89,680.58,3.16667
0,1,607.84,564.74,531.28,455.22,486.04,496.04,574.01,626.47,501.39,3.50667
1,0,685.79,663.02,652.79,648.42,592.79,516.77,521.99,773.15,617.05,2.91333
1,0,761.57,645.51,650.14,663.3,671.85,679.08,655.76,786.16,767.32,3.02667
1,0,662.8,626.78,578.94,394.21,575.47,480.78,416.5,606.77,583.75,1.76667
1,0,621.15,646.97,492.61,488.79,510.21,525.18,481.36,590.94,611.12,0.33333
1,0,706.68,514.19,502.22,621.63,549.33,560.5,578.43,742.29,732.55,2.58333
0,1,645.81,697.7,490.79,488.25,535.77,693.11,618.58,522.42,520.87,3.52
1,0,586.8,510.46,445.25,577.75,535.21,478.51,440.77,442.13,632.54,1.25
0,1,485.41,611.81,584.27,487.23,601.86,573.57,476.62,534.14,607.91,3.03
1,0,534.33,601.65,563.73,628.33,727.31,604.52,576.55,542.25,611.54,3.38
1,0,640.61,663.02,626.39,520.71,566.37,622.29,612.13,665.16,638.87,2.09667
1,0,867.69,802.24,701.49,542.2,671.85,628.13,680.74,762.35,744.95,3.13333
1,0,432.72,563.17,572.36,540.72,636.61,581.03,490.89,587.37,652.51,2.68
0,1,834.95,660.39,655.98,534.58,627.47,692.94,635.8,711.78,723.83,2.85667
1,0,672.47,543.72,703.32,510.31,535.77,525.7,499.69,671.21,594.34,2.72333
0,1,476.23,539.3,449.71,543.48,588.21,644.41,515.74,489.41,439.29,2.79
0,1,522.79,541.03,547.44,602.75,498.94,577.19,569.01,643.31,655.45,1.76667
1,0,618.92,711.22,578.94,683.65,523.2,533.92,663.7,413.17,633.35,2.94667
1,0,550.24,559.99,547.21,563.28,539.95,675.05,497.93,557.17,551.59,3.33333
1,0,584.54,345.84,613.97,346.75,560.8,493.88,381.93,351.65,394.41,1.85
1,0,602.39,697.75,598.79,663.3,729.48,653.6,596.54,690.92,565.96,0.16667
1,0,541.21,456.39,590.5,565.34,560.8,558.39,493.16,512.37,573.92,2.04667
0,1,480.19,515.43,625.33,603.32,528.43,533.15,543.87,563.38,438.44,1.91667
0,1,600.16,494.7,538.47,625.22,591.14,549.01,603.08,638.14,433.95,3.64
0,1,606.2,456.39,567.04,521.62,560.8,665.91,554.59,581.25,529.04,2.91667
0,1,612.17,628.5,535.88,665.21,573.54,604.52,630.78,542.25,542.5,3.02333
0,1,465.34,401.6,425.49,456.24,366.39,640.22,527.65,413.17,434.94,2.43333
0,1,482.79,566.44,461.35,529.05,558.53,660.77,516.74,417.93,549.75,2.58
1,0,527.66,515.43,545.88,457.26,582.52,557.09,559.91,563.38,509.8,2.85333
1,0,482.43,601.65,424.48,517.7,635.05,634.55,510.53,470.47,588.53,1.02667
0,1,579.18,723.1,698.98,566.75,564.16,668.21,596.44,567.34,633.27,2.38667
1,0,671.18,484.02,473.18,565.34,615.63,601.4,572.85,558.29,596.36,1.16667
0,1,562.87,484.02,567.04,521.62,478.55,558.39,555.58,581.25,529.04,1.93333
1,0,758.85,642.31,516.1,662.87,532.28,660.77,631.47,728.22,692.36,3.24667
1,0,512.56,697.7,411.1,466.19,535.77,573.53,390.22,485.22,398.43,2.33333
0,1,622.6,515.43,545.88,603.32,663.65,413.44,592.74,587.37,486.01,2.70333
0,1,765.02,706.39,731.28,665.91,663.65,772.57,693.46,659.34,723.87,3.95333
1,0,421.46,457.9,553.37,600.96,444.8,507.35,516.79,413.17,434.94,2.89333
0,1,505.06,688.78,626.39,691.0,592.79,622.29,606.75,535.57,377.03,3.18333
1,0,505.06,508.47,415.23,435.57,539.95,490.39,464.18,449.18,486.13,1.27667
0,1,595.43,714.54,652.79,584.57,592.79,543.15,612.49,578.77,573.41,3.50667
1,0,505.69,637.15,491.59,541.54,624.07,549.81,458.7,557.14,460.17,3.31667
0,1,405.95,543.72,490.79,488.25,507.51,430.03,559.79,410.82,447.41,3.52667
1,0,769.3,814.53,862.3,722.57,712.93,739.94,671.53,810.15,755.66,3.68333
0,1,558.19,596.21,561.4,508.28,591.14,572.85,578.74,449.34,500.39,3.03333
0,1,527.66,610.91,413.45,582.45,528.43,700.74,675.56,587.37,438.44,3.95333
1,0,541.21,677.47,520.11,696.49,643.05,472.38,559.57,719.01,439.29,0.86
1,0,474.25,545.46,584.33,644.71,564.16,596.69,430.45,425.74,456.09,3.08333
1,0,485.41,409.1,537.93,451.03,601.86,549.81,543.83,626.14,534.04,1.33333
1,0,487.28,486.04,655.67,518.26,601.6,480.78,451.95,451.89,459.74,2.06667
0,1,443.2,645.51,547.44,723.84,585.39,730.02,559.41,500.46,565.96,3.59333
0,1,487.28,486.04,476.64,559.61,549.33,533.92,510.72,451.89,434.94,2.25
1,0,809.11,687.1,679.53,634.23,678.52,692.94,627.7,750.36,745.85,3.16667
1,0,726.07,494.7,607.26,644.71,618.12,549.01,616.36,638.14,544.68,2.36333
0,1,607.84,541.77,705.44,712.05,606.98,521.4,486.1,600.26,740.28,2.5
1,0,496.26,488.78,419.07,562.39,527.76,551.71,344.28,500.46,498.83,1.35667
1,0,788.1,645.51,701.49,683.48,585.39,679.08,702.5,595.69,677.83,3.85333
1,0,416.18,587.72,509.52,657.02,558.6,470.67,443.17,495.4,523.11,0.75667
0,1,757.83,622.2,660.9,609.06,560.8,708.92,637.93,741.97,641.24,3.23333
0,1,443.4,598.63,732.39,476.91,523.2,587.07,488.36,374.44,509.35,3.14333
0,1,454.56,484.02,496.64,609.06,478.55,665.91,722.93,535.33,394.41,3.86333
1,0,622.6,658.65,651.82,603.32,582.52,557.09,562.14,635.35,628.73,1.73333
1,0,372.36,465.29,625.62,506.75,637.27,575.35,610.12,456.71,509.01,3.15667
1,0,602.39,593.27,547.44,683.48,556.57,475.3,481.93,619.5,588.33,1.58333
0,1,512.56,543.72,517.36,466.19,535.77,597.45,569.53,522.42,496.39,1.22333
1,0,736.17,677.47,684.36,652.77,588.21,644.41,471.91,741.97,753.44,3.33333
0,1,612.17,601.65,508.03,499.26,604.29,604.52,439.71,590.11,519.49,2.19333
1,0,629.13,541.77,465.98,528.6,510.23,597.48,586.28,678.9,631.69,2.43333
0,1,612.17,494.26,619.42,609.89,542.78,514.45,659.18,470.47,404.42,3.0
1,0,539.21,466.74,490.79,466.19,564.03,477.87,545.5,503.82,520.87,2.46667
0,1,640.61,534.23,600.0,499.43,645.62,516.77,570.12,708.35,660.69,3.48333
0,1,541.21,566.93,496.64,477.9,478.55,536.89,436.38,489.41,371.97,3.38667
1,0,421.46,514.19,527.79,559.61,680.01,480.78,636.55,413.17,459.74,3.5
1,0,443.2,723.87,650.14,622.93,671.85,806.44,612.55,452.85,476.46,1.59333
1,0,595.43,559.99,468.02,520.71,619.2,543.15,504.04,708.35,682.51,2.22333
0,1,512.56,543.72,570.49,444.13,479.24,645.28,464.28,392.22,447.41,3.13333
1,0,779.49,622.2,637.43,587.2,670.46,515.38,573.18,741.97,775.88,2.58333
0,1,600.16,570.83,515.54,605.73,591.14,715.88,580.95,708.94,433.95,2.02667
1,0,522.79,697.75,496.09,562.39,643.03,602.66,420.15,524.27,610.7,1.94333
1,0,487.28,429.75,527.79,394.21,418.66,587.07,443.33,490.61,335.74,2.31667
1,0,508.38,601.65,647.27,499.26,573.54,574.5,539.67,470.47,680.58,1.27667
1,0,655.45,514.9,701.49,663.3,671.85,551.71,590.14,738.54,521.21,3.5
1,0,465.34,373.46,604.52,642.31,653.87,640.22,679.35,587.41,434.94,2.75
1,0,534.33,521.11,702.97,554.58,542.78,484.42,547.05,494.39,358.39,0.06667
0,1,576.49,553.53,655.98,484.76,601.95,575.82,653.69,480.26,569.69,2.31667
0,1,553.1,542.34,630.09,518.26,680.01,560.5,595.35,548.69,558.95,2.52667
0,1,498.95,500.1,420.49,609.32,474.32,646.09,608.13,692.48,635.75,2.5
1,0,859.96,587.04,519.39,540.72,636.61,509.21,446.87,803.28,581.16,0.94667
0,1,662.8,739.37,706.82,642.31,601.6,587.07,649.65,568.05,633.35,3.79333
1,0,640.61,559.99,573.6,669.71,592.79,622.29,527.38,643.56,617.05,2.18
0,1,688.19,814.53,700.12,650.16,624.07,668.64,680.5,764.15,780.28,3.88667
0,1,539.21,543.72,676.76,642.68,564.03,788.78,610.14,596.81,545.36,3.51667
0,1,459.88,508.47,494.41,542.0,539.95,384.87,377.63,513.97,420.67,3.47333
1,0,714.51,594.57,543.57,543.48,725.3,687.42,599.08,650.13,708.56,2.57
0,1,726.07,799.23,676.05,683.7,672.07,692.05,667.27,614.54,832.6,3.34667
0,1,778.2,656.65,618.36,565.29,582.79,648.21,702.81,652.69,740.28,3.10333
0,1,395.56,446.67,538.24,484.76,448.8,575.82,464.68,480.26,437.57,0.77667
1,0,664.07,547.95,480.18,536.14,512.03,454.4,497.25,566.18,588.53,2.98667
0,1,606.2,677.47,684.36,565.34,643.05,601.4,512.75,650.13,641.24,3.18
1,0,399.97,566.44,406.59,462.14,506.03,575.35,464.8,534.29,488.64,2.56667
0,1,455.18,515.87,570.86,506.75,532.28,639.41,548.29,573.07,407.15,2.15
0,1,703.64,642.31,680.38,640.56,716.02,660.77,693.94,611.86,733.11,3.83333
1,0,473.1,500.1,703.08,708.97,627.47,528.97,675.63,480.26,525.65,2.0
0,1,671.72,564.74,705.44,473.56,727.91,724.29,666.01,731.33,566.54,2.89667
1,0,465.34,570.49,348.77,456.24,470.93,480.78,418.74,568.05,509.35,2.23333
0,1,485.41,485.12,676.95,650.16,513.0,526.04,512.47,626.14,632.54,2.38667
0,1,565.61,566.44,488.73,529.05,532.28,703.48,589.09,417.93,549.75,2.65667
1,0,553.1,429.75,681.24,600.96,601.6,746.51,643.58,471.25,434.94,3.41667
0,1,480.19,467.69,492.9,624.18,393.2,533.15,581.92,539.4,557.37,2.82
1,0,756.91,679.62,705.44,473.56,582.79,572.12,541.3,783.76,718.56,3.14333
1,0,480.19,443.82,519.39,457.26,555.47,461.32,478.21,563.38,486.01,1.55667
0,1,640.86,683.07,604.52,559.61,653.87,693.37,550.0,626.13,608.55,2.91667
0,1,560.28,521.11,535.88,517.7,450.52,454.4,457.41,422.61,473.46,3.63667
1,0,607.84,610.7,618.36,491.91,606.98,445.31,486.1,574.05,566.54,2.28
1,0,731.57,606.96,608.88,634.23,653.0,669.52,608.13,750.36,657.77,3.66667
1,0,476.23,594.57,567.04,587.2,505.96,558.39,610.04,650.13,573.92,3.39
0,1,672.47,620.71,517.36,642.68,564.03,621.36,639.37,615.41,667.81,3.43333
1,0,663.2,534.23,573.6,605.85,592.79,516.77,544.98,729.95,747.97,2.39
1,0,392.1,456.95,520.81,456.85,592.79,543.15,539.59,621.96,464.31,2.61
0,1,593.21,541.16,570.86,529.05,611.02,618.06,595.46,417.93,468.26,2.59333
1,0,399.97,490.58,516.1,484.45,506.03,447.23,514.83,514.89,407.15,2.39
0,1,595.43,688.78,679.18,563.28,751.3,754.2,573.71,686.75,747.97,3.57
1,0,505.06,456.95,573.6,605.85,592.79,569.53,440.12,470.78,464.31,1.21
0,1,728.75,763.85,630.61,650.16,690.71,621.11,588.64,741.15,681.79,3.73
0,1,501.36,610.7,465.98,601.98,437.67,597.48,580.14,547.83,457.96,3.91667
0,1,622.6,587.04,572.36,561.58,528.43,533.15,643.85,443.44,581.16,3.61
1,0,444.86,510.46,700.12,613.95,690.71,573.57,411.65,511.14,509.42,3.24
1,0,706.68,570.49,553.37,704.33,653.87,533.92,630.48,703.57,757.35,2.71
1,0,693.81,563.17,704.79,582.45,636.61,652.86,465.89,467.43,557.37,1.70667
0,1,459.25,389.75,437.66,377.95,507.51,549.61,433.1,522.42,471.9,1.72333
0,1,510.39,414.72,570.86,685.17,506.03,468.58,656.01,476.11,386.77,3.25
1,0,421.46,514.19,476.64,497.59,549.33,507.35,366.36,451.89,459.74,1.64
0,1,337.08,436.54,675.82,562.39,527.76,602.66,527.07,452.85,476.46,3.94333
0,1,640.86,683.07,655.67,476.91,575.47,613.65,687.65,606.77,633.35,3.52667
0,1,708.38,559.99,573.6,648.42,592.79,622.29,582.32,729.95,704.33,3.02333
1,0,572.83,534.23,468.02,563.28,539.95,411.25,618.6,643.56,726.15,3.0
1,0,628.18,446.67,679.53,584.4,704.05,575.82,653.35,557.43,591.71,3.60333
0,1,459.25,569.39,437.66,532.37,479.24,525.7,493.2,429.42,520.87,1.61
0,1,411.3,596.21,630.19,508.28,510.21,692.05,521.2,472.94,500.39,2.00333
1,0,789.02,672.34,561.4,547.26,672.07,596.69,481.36,803.34,677.57,3.18
0,1,538.0,642.31,570.86,595.96,637.27,746.19,673.86,611.86,631.24,3.12667
0,1,487.28,542.34,527.79,518.26,523.2,640.22,469.2,471.25,484.54,1.18333
1,0,602.33,606.96,514.69,459.84,499.85,505.54,390.76,499.55,437.57,1.99
1,0,600.16,494.7,630.19,586.24,699.05,525.18,510.13,543.74,433.95,3.23333
1,0,482.79,566.44,379.21,506.75,532.28,361.81,517.38,534.29,447.89,3.05667
1,0,558.19,646.97,676.05,683.7,537.18,715.88,554.39,685.34,611.12,1.96333
0,1,788.76,754.13,704.79,707.64,636.61,724.68,639.0,803.28,866.58,3.68667
0,1,618.02,534.23,468.02,584.57,539.95,516.77,462.02,729.95,551.59,1.98
1,0,565.61,541.16,625.62,573.66,558.53,575.35,606.93,573.07,692.36,2.05667
1,0,454.56,401.12,707.83,565.34,643.05,622.9,501.13,443.49,394.41,3.38667
1,0,575.85,514.9,573.12,522.02,470.12,424.35,456.64,548.08,610.7,3.45667
1,0,662.8,570.49,604.52,642.31,575.47,693.37,677.11,664.85,658.15,2.91333
1,0,708.38,559.99,626.39,669.71,487.11,648.67,536.0,751.55,595.23,2.6
1,0,411.24,401.12,496.64,565.34,423.71,429.37,467.59,466.45,439.29,1.27667
0,1,404.59,547.95,535.88,517.7,358.25,604.52,588.36,470.47,519.49,2.25
1,0,728.75,738.51,514.76,541.54,601.86,407.2,400.45,695.15,829.53,2.47
0,1,541.21,622.2,613.97,718.35,588.21,730.42,718.95,558.29,596.36,1.86
1,0,758.85,541.16,653.0,595.96,558.53,554.0,490.29,631.25,610.87,2.85667
0,1,510.39,338.85,406.59,484.45,453.53,489.93,435.8,437.32,386.77,3.19667
0,1,575.13,730.26,572.36,624.18,447.29,509.21,595.35,539.4,604.94,2.0
0,1,503.92,419.95,466.42,478.12,447.29,604.97,357.33,395.46,486.01,3.49
0,1,424.58,510.46,445.25,632.05,446.36,573.57,469.9,465.13,484.79,3.5
0,1,676.03,743.46,707.75,662.87,637.27,788.89,598.97,514.89,753.48,3.86667
0,1,860.27,936.39,732.39,745.68,836.82,746.51,696.59,761.65,881.36,3.95333
1,0,485.9,518.06,517.36,532.37,620.56,501.78,559.46,485.22,496.39,2.85667
1,0,465.34,401.6,527.79,497.59,601.6,401.05,388.4,432.53,434.94,0.33333
0,1,476.23,594.57,684.36,652.77,560.8,644.41,690.72,489.41,596.36,3.62
0,1,645.81,620.71,729.89,598.56,592.3,501.78,556.54,652.61,667.81,4.0
1,0,586.8,485.12,398.91,686.36,468.57,502.27,561.76,741.15,558.67,2.51667
0,1,509.22,457.9,527.79,476.91,418.66,480.78,342.41,451.89,434.94,2.71
1,0,565.61,591.73,598.24,707.47,611.02,575.35,596.74,631.25,549.75,2.32333
0,1,534.33,547.95,368.78,554.58,419.76,574.5,500.94,446.54,496.47,3.75
1,0,628.92,619.39,573.12,582.57,643.03,551.71,591.42,643.31,722.58,3.12
0,1,473.1,473.38,444.04,434.93,474.32,458.69,518.01,441.67,415.55,1.77667
0,1,627.36,510.46,537.93,432.93,557.43,692.41,599.84,603.14,681.79,2.25
0,1,647.64,637.15,700.12,559.64,624.07,502.27,689.46,672.15,632.54,3.2
0,1,619.16,595.05,570.49,488.25,620.56,597.45,630.6,615.41,692.3,2.49333
0,1,537.21,596.21,607.26,644.71,672.07,549.01,631.86,614.54,611.12,2.82
1,0,600.16,469.32,515.54,410.82,537.18,501.34,428.24,614.54,411.8,1.08333
1,0,432.9,484.02,402.79,368.61,451.13,450.87,343.41,443.49,461.72,2.76667
1,0,642.13,799.23,653.12,625.22,618.12,644.37,669.48,638.14,744.01,3.36
1,0,747.05,672.34,653.12,664.2,672.07,644.37,676.12,944.94,699.71,3.65
1,0,565.61,440.0,598.24,439.84,584.78,532.64,549.25,573.07,570.13,3.66667
0,1,572.83,585.74,600.0,648.42,592.79,490.39,521.27,643.56,486.13,3.72667
0,1,516.22,646.97,561.4,430.31,591.14,620.53,580.95,543.74,588.98,3.29333
1,0,572.83,456.95,415.23,456.85,381.44,516.77,378.35,492.37,507.95,1.73333
0,1,693.81,539.3,466.42,582.45,636.61,676.8,586.77,611.36,676.3,2.45333
0,1,432.72,515.43,492.9,561.58,420.25,652.86,550.58,443.44,414.66,2.56667
1,0,690.02,789.59,591.58,683.65,665.8,484.42,642.58,685.82,588.53,0.16667
0,1,509.22,683.07,604.52,435.56,627.74,640.22,543.29,393.8,583.75,2.33333
0,1,539.21,595.05,570.49,554.43,479.24,549.61,518.21,485.22,545.36,3.29667
0,1,551.4,658.65,625.33,665.91,690.7,604.97,653.55,587.37,486.01,3.96
1,0,805.72,620.71,623.63,664.74,648.83,573.53,638.72,727.01,765.77,3.25667
1,0,566.53,687.83,676.95,686.36,624.07,668.64,637.93,649.14,583.29,3.02333
0,1,495.24,494.7,653.12,625.22,510.21,596.69,430.45,543.74,544.68,3.66667
0,1,757.41,553.53,561.79,659.14,601.95,552.39,632.43,731.07,789.89,2.63333
1,0,516.22,621.59,400.89,430.31,537.18,501.34,379.55,567.34,522.53,2.55
0,1,482.79,389.43,570.86,417.54,479.78,511.29,590.68,456.71,386.77,2.28
1,0,646.34,539.3,704.79,603.32,663.65,581.03,645.71,635.35,581.16,2.26667
1,0,786.45,743.46,570.86,640.56,663.52,660.77,570.28,767.0,773.85,3.0
0,1,453.27,469.32,492.61,664.2,456.25,549.01,514.56,425.74,500.39,2.66333
0,1,437.47,518.79,444.21,675.36,461.85,622.85,529.03,495.4,392.8,3.57333
0,1,600.16,570.83,515.54,605.73,591.14,644.37,549.97,614.54,611.12,2.2
1,0,627.36,586.47,700.12,559.64,513.0,597.34,646.89,695.15,509.42,0.23333
1,0,565.86,646.38,597.06,664.74,450.98,573.53,586.1,541.01,545.36,3.22
0,1,776.15,688.78,600.0,542.0,619.2,648.67,574.78,470.78,660.69,3.8
1,0,765.02,587.04,492.9,624.18,636.61,509.21,577.07,755.3,723.87,2.50667
1,0,459.25,441.07,597.06,730.92,479.24,693.11,563.36,578.21,569.85,3.41667
1,0,505.69,485.12,607.44,613.95,579.64,526.04,436.29,534.14,460.17,3.51667
1,0,838.33,683.07,553.37,704.33,575.47,693.37,748.65,800.37,831.76,4.0
1,0,805.72,569.39,650.19,686.8,592.3,453.95,567.26,615.41,765.77,2.85
1,0,482.79,465.29,488.73,640.56,611.02,596.71,505.27,417.93,447.89,2.69333
0,1,758.85,743.46,680.38,707.47,689.77,682.12,726.76,767.0,773.85,4.0
1,0,619.16,749.03,623.63,510.31,592.3,621.36,543.22,559.61,545.36,2.25
0,1,534.33,601.65,619.42,573.02,512.03,664.57,521.96,518.32,657.57,3.62667
1,0,480.06,610.7,444.21,491.91,582.79,546.76,467.7,547.83,609.98,2.42
1,0,620.82,566.44,625.62,685.17,558.53,554.0,529.49,708.82,651.62,2.67667
0,1,537.21,520.08,469.68,625.22,456.25,572.85,589.81,661.74,544.68,2.04
1,0,607.84,564.74,553.05,583.63,655.35,648.21,704.85,705.12,631.69,1.41667
0,1,586.54,541.77,487.75,583.63,413.48,521.4,531.08,469.19,544.82,3.35
0,1,399.52,542.34,527.79,704.33,549.33,719.94,643.58,509.97,484.54,2.54667
1,0,684.1,570.83,561.4,586.24,618.12,525.18,459.23,520.14,588.98,2.17667
1,0,575.85,514.9,624.47,522.02,671.85,475.3,526.75,429.04,565.96,2.86
0,1,778.2,633.67,661.9,620.32,413.48,521.4,661.92,652.69,653.41,3.4
0,1,565.25,449.87,574.82,565.29,486.04,597.48,565.83,495.4,479.67,2.78667
0,1,749.03,839.87,700.12,650.16,668.5,692.41,599.84,695.15,755.66,3.29
1,0,414.7,534.23,652.79,691.0,566.37,543.15,624.34,621.96,551.59,2.41333
1,0,549.32,541.03,598.79,380.75,498.94,577.19,521.63,524.27,633.08,2.42
0,1,679.87,740.53,632.43,584.4,627.47,622.67,707.7,731.07,701.81,3.76667
1,0,455.18,440.0,625.62,551.35,506.03,575.35,423.05,398.54,386.77,3.53333
1,0,747.05,748.48,767.77,625.22,618.12,692.05,496.85,685.34,655.42,3.8
1,0,485.41,535.79,398.91,396.72,601.86,454.74,501.27,557.14,558.67,2.49333
0,1,565.86,672.04,623.63,686.8,620.56,525.7,637.75,596.81,643.32,3.26
1,0,527.66,348.34,492.9,624.18,501.38,509.21,576.32,587.37,628.73,2.99
0,1,543.95,633.67,509.52,546.94,437.67,648.21,627.16,469.19,501.39,3.08333
0,1,459.25,646.38,543.93,488.25,535.77,621.36,546.47,466.62,643.32,2.55
0,1,416.67,410.42,547.44,501.84,527.76,653.6,600.38,571.89,543.58,3.58333
1,0,586.54,610.7,683.67,712.05,510.23,546.76,531.08,495.4,696.85,3.87667
1,0,728.62,570.49,527.79,621.63,653.87,640.22,489.64,722.93,831.76,3.05667
0,1,399.52,514.19,399.92,476.91,497.07,560.5,473.67,413.17,459.74,2.11667
1,0,607.84,564.74,574.82,583.63,727.91,521.4,422.72,547.83,457.96,2.55667
0,1,510.39,591.73,707.75,484.45,611.02,703.48,517.38,379.14,590.5,2.53
1,0,640.86,598.63,553.37,683.65,653.87,613.65,656.99,664.85,633.35,2.39
0,1,592.51,646.38,517.36,576.49,535.77,645.28,539.97,559.61,520.87,2.29667
0,1,728.75,687.83,630.61,722.57,601.86,644.87,604.32,626.14,632.54,3.64
0,1,367.92,401.12,379.32,565.34,368.88,450.87,471.58,512.37,394.41,0.75
1,0,459.88,585.74,600.0,542.0,645.62,595.91,468.48,470.78,595.23,1.64333
1,0,480.19,419.95,572.36,436.39,501.38,437.38,280.86,323.49,486.01,1.71667
1,0,519.55,373.48,379.32,434.19,423.71,493.88,454.31,397.57,439.29,3.59333
1,0,522.79,488.78,675.82,501.84,527.76,602.66,531.87,690.92,588.33,3.0
0,1,352.69,521.11,702.97,646.77,481.27,514.45,627.46,398.68,427.43,2.69667
0,1,437.29,431.19,547.21,563.28,460.69,437.63,536.36,492.37,398.85,1.08333
0,1,503.92,754.13,492.9,707.64,663.65,485.26,636.39,659.34,486.01,3.95333
1,0,459.25,569.39,703.32,642.68,620.56,573.53,595.2,671.21,447.41,0.0
0,1,622.6,754.13,519.39,686.78,609.56,604.97,573.34,611.36,628.73,3.14
0,1,560.28,601.65,452.33,591.45,358.25,424.37,516.43,470.47,404.42,2.16667
1,0,672.47,646.38,570.49,466.19,620.56,549.61,542.25,652.61,716.79,2.26333
1,0,692.85,677.47,731.29,521.62,752.71,751.93,582.81,512.37,416.85,3.45
1,0,414.7,431.19,600.0,350.43,487.11,516.77,367.93,427.58,398.85,2.94667
1,0,779.49,677.47,684.36,609.06,478.55,687.42,545.29,719.01,686.12,3.12
0,1,456.45,539.3,466.42,415.53,420.25,509.21,355.09,467.43,438.44,2.85667
0,1,443.2,384.3,496.09,461.48,441.3,500.77,475.85,429.04,364.59,3.45333
1,0,640.86,542.34,502.22,662.98,549.33,427.63,688.29,684.21,782.16,4.0
0,1,465.14,485.12,514.76,541.54,424.14,621.11,474.38,695.15,410.92,3.02667
0,1,550.24,508.47,441.62,478.14,381.44,543.15,627.21,427.58,529.77,2.13
0,1,508.38,574.8,535.88,536.14,481.27,514.45,551.47,566.18,519.49,1.80667
0,1,699.12,697.7,570.49,598.56,705.35,740.95,532.83,485.22,618.83,3.24333
0,1,618.92,626.78,655.67,559.61,523.2,480.78,649.97,548.69,658.15,3.38667
0,1,642.13,596.21,584.33,566.75,645.09,644.37,594.23,614.54,699.71,2.65667
1,0,487.28,457.9,476.64,559.61,601.6,401.05,493.47,451.89,459.74,0.5
1,0,646.34,587.04,625.33,582.45,501.38,485.26,383.82,587.37,533.58,2.91
1,0,663.12,799.23,698.98,586.24,726.03,668.21,565.46,779.74,766.16,2.82333
0,1,474.25,748.48,538.47,566.75,510.21,525.18,490.21,732.54,588.98,3.63333
0,1,496.26,462.66,547.44,542.2,527.76,449.82,487.69,405.23,454.08,3.5
1,0,776.15,637.26,652.79,733.57,751.3,754.2,657.38,794.74,704.33,3.93333
1,0,572.83,559.99,494.41,691.0,539.95,516.77,569.04,643.56,507.95,2.3
1,0,549.32,567.15,547.44,602.75,527.76,526.24,651.6,500.46,498.83,3.40667
0,1,592.51,543.72,517.36,554.43,479.24,477.87,520.48,448.02,447.41,2.69333
0,1,646.34,587.04,519.39,478.12,636.61,700.74,516.26,611.36,628.73,3.52667
0,1,416.18,495.82,487.75,583.63,437.67,572.12,488.14,416.76,414.52,3.27333
1,0,640.86,570.49,553.37,538.93,627.74,533.92,491.56,606.77,583.75,2.09667
0,1,503.92,634.78,519.39,478.12,663.65,437.38,478.58,563.38,438.44,3.20333
1,0,512.56,492.4,517.36,466.19,564.03,525.7,398.34,466.62,569.85,2.99333
1,0,527.65,508.47,573.6,520.71,513.53,384.87,390.56,557.17,486.13,1.88
1,0,647.64,611.81,537.93,613.95,624.07,502.27,662.57,695.15,558.67,2.5
0,1,421.46,542.34,502.22,456.24,470.93,533.92,425.77,432.53,434.94,3.22333
0,1,692.85,622.2,660.9,630.92,643.05,687.42,615.02,627.17,731.0,3.55667
0,1,482.79,465.29,488.73,417.54,584.78,554.0,591.64,747.61,590.5,2.55
0,1,498.95,446.67,467.59,534.58,423.27,411.84,473.11,403.08,503.63,2.97333
0,1,538.0,591.73,516.1,529.05,637.27,532.64,511.33,417.93,468.26,2.86333
1,0,757.41,553.53,750.18,684.05,627.47,552.39,563.57,731.07,569.69,2.97
0,1,458.77,610.7,465.98,620.32,461.85,470.67,608.76,521.62,436.24,3.68333
0,1,465.34,542.34,425.49,373.54,340.26,533.92,408.84,413.17,484.54,1.75333
0,1,411.3,596.21,400.89,605.73,510.21,501.34,631.86,520.14,500.39,3.42333
0,1,459.25,569.39,729.89,576.49,705.35,621.36,531.85,448.02,447.41,3.57667
1,0,566.53,535.79,653.78,650.16,646.29,668.64,534.87,580.14,657.16,2.77667
1,0,676.03,490.58,680.38,618.26,506.03,767.54,657.29,495.5,610.87,3.53333
1,0,654.03,606.96,514.69,634.23,576.42,528.97,558.85,673.19,525.65,2.57
0,1,485.9,466.74,650.19,620.62,507.51,621.36,441.87,466.62,496.39,2.33333
0,1,539.21,569.39,517.36,488.25,394.45,453.95,440.9,615.41,447.41,1.16667
0,1,562.87,594.57,637.43,652.77,588.21,558.39,687.73,535.33,596.36,2.98333
1,0,476.23,428.75,613.97,477.9,560.8,601.4,471.91,420.53,371.97,2.57
0,1,454.56,566.93,426.25,565.34,478.55,472.38,582.15,466.45,596.36,2.0
0,1,612.17,547.95,591.58,628.33,419.76,544.47,451.51,590.11,611.54,3.68333
1,0,496.26,384.3,444.75,400.93,527.76,449.82,449.6,571.89,476.46,3.89333
1,0,503.92,539.3,545.88,540.72,501.38,509.21,531.18,611.36,462.23,2.5
0,1,565.61,566.44,598.24,506.75,453.53,425.87,594.19,495.5,509.01,3.34667
1,0,508.38,386.86,452.33,573.02,512.03,484.42,515.32,518.32,473.46,2.83333
1,0,735.04,697.75,650.14,582.57,556.57,679.08,576.37,667.12,677.83,2.46
0,1,432.72,419.95,466.42,436.39,447.29,389.5,627.06,467.43,486.01,2.03667
1,0,456.45,539.3,625.33,582.45,636.61,581.03,467.39,467.43,533.58,1.67333
0,1,537.21,545.46,515.54,488.79,591.14,525.18,569.89,520.14,633.27,1.75
0,1,539.21,595.05,650.19,708.86,564.03,645.28,642.62,634.01,643.32,2.94333
0,1,456.48,574.8,480.18,573.02,481.27,514.45,571.02,470.47,611.54,3.38
0,1,482.47,456.95,494.41,584.57,539.95,622.29,489.31,405.98,420.67,2.25
0,1,671.72,679.62,596.59,693.71,582.79,572.12,576.05,626.47,653.41,3.40667
1,0,443.2,462.66,470.42,562.39,498.94,577.19,614.79,548.08,498.83,2.65333
0,1,427.58,490.58,433.97,328.33,374.79,489.93,430.7,456.71,468.26,2.04333
0,1,474.25,621.59,698.98,664.2,618.12,572.85,636.28,685.34,699.71,3.68
1,0,714.31,587.72,574.82,601.98,582.79,546.76,555.61,521.62,718.56,2.91667
1,0,565.61,364.14,406.59,618.26,453.53,639.41,501.77,708.82,631.24,2.41667
0,1,586.23,521.11,535.88,609.89,635.05,574.5,633.36,542.25,473.46,1.82333
1,0,717.55,706.39,678.31,582.45,717.74,628.91,541.63,611.36,604.94,3.51
1,0,575.04,457.9,476.64,497.59,470.93,480.78,561.18,432.53,534.15,0.83333
0,1,459.25,364.08,650.19,620.62,564.03,645.28,634.18,596.81,471.9,3.55333
1,0,592.51,595.05,490.79,466.19,479.24,525.7,323.63,503.82,471.9,1.45333
0,1,516.22,596.21,721.91,683.7,564.16,525.18,605.3,496.54,566.83,1.65667
1,0,575.85,645.51,496.09,501.84,671.85,500.77,473.93,548.08,498.83,1.95333
0,1,432.6,338.42,517.36,466.19,479.24,477.87,445.44,485.22,373.94,2.83333
0,1,539.21,595.05,437.66,532.37,535.77,669.2,525.68,559.61,520.87,2.48
1,0,512.56,492.4,437.66,422.07,592.3,310.45,497.42,448.02,324.96,2.77667
1,0,579.18,596.21,607.26,566.75,618.12,596.69,483.57,590.94,500.39,3.0
0,1,676.03,743.46,735.13,707.47,611.02,703.48,624.78,689.43,753.48,3.66
1,0,508.38,440.56,508.03,517.7,665.8,514.45,412.41,542.25,588.53,2.20667
1,0,731.24,541.16,598.24,551.35,663.52,639.41,518.34,767.0,671.99,1.83333
0,1,692.85,594.57,590.5,543.48,643.05,665.91,512.75,650.13,686.12,3.26333
0,1,495.24,469.32,653.12,644.71,564.16,644.37,468.08,472.94,544.68,2.55667
1,0,432.28,570.83,515.54,566.75,564.16,525.18,541.11,496.54,500.39,3.54333
1,0,498.95,500.1,655.98,484.76,525.37,622.67,473.11,460.96,393.53,2.4
0,1,487.28,486.04,399.92,497.59,497.07,401.05,345.92,355.08,410.14,2.55333
1,0,692.85,539.3,660.9,565.34,533.38,536.89,518.4,673.09,753.44,2.55667
1,0,546.25,510.46,491.59,577.75,557.43,407.2,503.51,534.14,534.04,1.13333
0,1,465.34,514.19,451.07,497.59,418.66,533.92,489.32,471.25,410.14,3.06667
1,0,779.07,774.69,729.89,620.62,761.88,740.95,661.79,764.2,790.26,3.41333
1,0,758.85,642.31,598.24,618.26,663.52,703.48,492.52,747.61,692.36,2.99667
1,0,872.96,646.97,515.54,761.66,645.09,620.53,426.03,826.94,788.3,3.5
1,0,670.08,634.78,731.28,498.99,609.56,628.91,604.3,587.37,628.73,3.12333
0,1,414.7,611.5,626.39,584.57,460.69,595.91,615.72,470.78,486.13,3.66667
0,1,458.77,426.89,531.28,436.87,510.23,521.4,498.37,652.69,609.98,2.6
1,0,693.02,449.87,400.67,400.18,703.73,622.85,486.1,731.33,566.54,2.34333
0,1,424.58,535.79,653.78,577.75,668.5,716.18,595.36,419.13,460.17,3.58
0,1,432.6,672.04,437.66,444.13,535.77,406.12,489.62,503.82,471.9,2.79
0,1,522.79,436.54,393.4,400.93,383.66,449.82,355.16,429.04,386.96,2.83333
0,1,565.25,771.52,574.82,381.84,534.42,496.04,551.52,705.12,653.41,2.92333
0,1,566.53,611.81,723.29,613.95,735.14,692.41,510.23,580.14,583.29,3.38667
1,0,459.88,482.71,573.6,520.71,460.69,543.15,375.12,470.78,442.49,2.24333
0,1,576.49,687.1,538.24,534.58,653.0,692.94,561.55,538.14,657.77,3.06667
1,0,509.22,542.34,425.49,435.56,418.66,347.91,420.66,490.61,459.74,0.4
0,1,549.32,514.9,496.09,683.48,671.85,628.13,648.4,690.92,521.21,1.39
1,0,663.2,714.54,626.39,605.85,592.79,569.53,537.79,643.56,660.69,2.40667
1,0,676.03,591.73,570.86,618.26,663.52,639.41,561.36,747.61,692.36,3.05333
0,1,480.06,564.74,705.44,583.63,606.98,597.48,569.92,469.19,501.39,3.45667
1,0,693.81,754.13,784.25,665.91,744.79,748.62,620.34,659.34,771.44,3.23
0,1,663.2,766.06,626.39,478.14,645.62,569.53,536.36,470.78,682.51,2.89333
0,1,416.18,426.89,444.21,455.22,461.85,521.4,561.74,495.4,479.67,3.90667
0,1,421.41,393.24,467.59,559.49,576.42,435.27,383.33,460.96,415.55,3.42333
0,1,714.51,815.65,637.43,609.06,670.46,687.42,695.7,604.21,775.88,3.48333
0,1,688.19,586.47,561.1,595.85,468.57,573.57,496.78,626.14,583.29,2.92
0,1,399.97,414.72,543.48,484.45,453.53,575.35,366.01,417.93,590.5,3.65333
0,1,622.6,539.3,466.42,561.58,474.34,533.15,509.54,563.38,462.23,4.0
1,0,444.86,459.78,491.59,686.36,468.57,549.81,599.84,603.14,607.91,2.01
1,0,692.85,760.38,778.22,652.77,670.46,751.93,547.28,764.93,731.0,3.1
1,0,551.4,539.3,651.82,707.64,771.84,652.86,619.97,563.38,390.87,1.78
1,0,455.18,617.02,516.1,529.05,716.02,532.64,555.62,708.82,549.75,3.23333
1,0,531.16,457.9,578.94,580.28,470.93,560.5,560.22,413.17,509.35,0.5
1,0,485.9,569.39,570.49,554.43,507.51,477.87,597.15,429.42,447.41,2.19667
0,1,539.21,466.74,517.36,510.31,507.51,597.45,466.56,485.22,594.34,2.27667
1,0,845.71,655.35,786.52,702.08,635.05,844.72,688.32,590.11,680.58,3.78
1,0,681.98,593.27,598.79,562.39,527.76,704.55,457.6,690.92,655.45,3.07667
0,1,629.13,679.62,531.28,546.94,461.85,470.67,451.34,652.69,501.39,3.08
0,1,655.45,619.39,547.44,441.29,556.57,602.66,627.59,809.96,767.32,4.0
1,0,768.04,824.61,744.84,586.24,645.09,644.37,724.81,756.14,810.45,3.06667
0,1,650.43,656.65,553.05,546.94,582.79,622.85,637.39,547.83,566.54,2.27333
1,0,894.22,750.0,727.17,703.66,729.48,730.02,654.8,881.39,812.07,3.7
0,1,640.86,514.19,681.24,621.63,497.07,693.37,661.78,626.13,682.95,3.0
0,1,703.64,718.17,707.75,707.47,689.77,703.48,631.79,689.43,651.62,3.2
1,0,586.8,561.13,561.1,523.44,646.29,621.11,483.34,488.14,607.91,1.62333
0,1,474.25,545.46,538.47,664.2,429.27,620.53,532.26,472.94,633.27,4.0
0,1,793.81,521.11,619.42,591.45,573.54,634.55,514.22,590.11,611.54,3.61333
0,1,399.97,364.14,488.73,685.17,532.28,575.35,598.65,573.07,447.89,3.25
0,1,399.52,598.63,681.24,538.93,601.6,640.22,524.45,451.89,509.35,3.74333
1,0,510.39,591.73,488.73,573.66,611.02,447.23,588.45,534.29,549.75,2.18333
0,1,505.06,585.74,600.0,669.71,487.11,569.53,638.35,578.77,551.59,1.86
1,0,459.88,534.23,600.0,584.57,460.69,516.77,594.53,621.96,551.59,0.61
0,1,443.4,486.04,527.79,538.93,549.33,613.65,609.4,413.17,509.35,3.08333
1,0,779.07,620.71,623.63,554.43,592.3,621.36,603.64,764.2,667.81,2.94333
0,1,714.31,656.65,618.36,546.94,534.42,597.48,414.54,626.47,653.41,2.36333
0,1,485.9,466.74,304.83,355.88,394.45,621.36,438.95,466.62,545.36,2.89
1,0,841.67,844.62,598.24,707.47,716.02,682.12,790.82,786.4,773.85,3.35333
0,1,534.33,574.8,480.18,517.7,573.54,604.52,569.55,637.96,473.46,3.06667
1,0,562.87,456.39,684.36,652.77,697.88,558.39,614.02,696.05,506.6,3.41667
1,0,432.72,491.56,572.36,624.18,609.56,604.97,549.83,515.41,438.44,1.68333
1,0,427.58,389.43,516.1,551.35,532.28,618.06,451.41,514.89,468.26,3.62333
1,0,730.97,791.82,705.58,691.0,777.72,648.67,651.63,729.95,682.51,3.60333
1,0,646.34,563.17,598.85,561.58,528.43,652.86,506.19,635.35,581.16,2.35667
0,1,512.56,543.72,676.76,620.62,507.51,669.2,645.22,615.41,496.39,3.13333
0,1,480.06,472.84,531.28,565.29,606.98,546.76,529.03,442.97,371.09,3.16667
1,0,767.87,494.26,508.03,554.58,635.05,364.32,511.26,853.31,611.54,1.96667
1,0,510.39,566.44,488.73,595.96,453.53,489.93,586.22,476.11,468.26,1.12667
1,0,485.9,543.72,703.32,598.56,450.98,645.28,597.79,503.82,447.41,4.0
0,1,629.13,679.62,618.36,455.22,606.98,572.12,668.05,600.26,653.41,2.42
0,1,565.25,541.77,640.13,638.67,510.23,546.76,663.96,888.62,566.54,2.23667
1,0,592.51,492.4,570.49,576.49,648.83,549.61,475.33,596.81,594.34,2.25
0,1,498.95,393.24,420.49,484.76,397.75,388.42,471.76,480.26,459.59,2.74333
0,1,427.58,389.43,543.48,573.66,506.03,596.71,497.94,398.54,447.89,3.16667
1,0,654.03,660.39,703.08,684.05,627.47,552.39,529.14,692.48,679.79,2.44333
1,0,705.08,545.46,538.47,469.3,645.09,429.82,399.47,685.34,566.83,2.04333
0,1,427.58,591.73,516.1,618.26,506.03,596.71,697.44,456.71,447.89,3.35667
0,1,649.52,539.3,684.36,652.77,670.46,644.41,514.41,673.09,731.0,2.47333
0,1,779.49,732.75,731.29,587.2,615.63,665.91,501.46,650.13,731.0,3.40667
1,0,454.56,428.75,496.64,565.34,478.55,515.38,602.4,420.53,394.41,3.16667
0,1,476.23,566.93,449.71,499.76,396.3,343.35,445.35,627.17,461.72,3.0
1,0,538.0,566.44,598.24,685.17,637.27,618.06,588.77,514.89,529.38,2.82
0,1,705.72,713.81,703.08,509.67,627.47,739.79,620.61,711.78,679.79,3.75333
1,0,778.2,771.52,683.67,546.94,655.35,648.21,557.65,574.05,762.0,2.52333
1,0,650.43,656.65,640.13,601.98,606.98,622.85,508.59,600.26,696.85,2.48667
1,0,427.58,515.87,516.1,529.05,479.78,511.29,583.03,417.93,488.64,3.83333
0,1,503.92,682.52,492.9,645.05,501.38,676.8,514.02,491.42,414.66,3.74667
0,1,432.6,466.74,490.79,466.19,564.03,501.78,667.31,466.62,422.92,3.92667
0,1,503.92,515.43,519.39,624.18,447.29,533.15,624.07,491.42,438.44,0.66667
0,1,799.5,817.47,770.75,620.32,679.54,622.85,518.81,757.55,827.15,3.25333
0,1,756.91,771.52,640.13,657.02,655.35,698.93,688.5,731.33,740.28,3.32
1,0,510.39,414.72,351.83,372.93,427.28,383.16,412.85,534.29,447.89,3.49333
1,0,593.21,566.44,488.73,484.45,558.53,575.35,441.85,456.71,509.01,1.77667
0,1,684.74,542.34,604.52,683.65,601.6,640.22,617.39,761.65,707.75,2.89
0,1,424.58,485.12,676.95,577.75,601.86,644.87,425.09,488.14,484.79,2.75
1,0,703.64,591.73,516.1,618.26,558.53,596.71,627.65,708.82,671.99,2.47667
1,0,622.6,658.65,731.28,624.18,636.61,772.57,624.45,587.37,628.73,3.13333
1,0,510.39,490.58,516.1,395.24,637.27,511.29,500.49,670.04,610.87,2.19333
1,0,627.36,662.49,746.46,541.54,601.86,716.18,541.59,511.14,632.54,2.93333
0,1,505.69,561.13,653.78,613.95,557.43,621.11,615.52,511.14,534.04,3.77
1,0,432.9,511.66,590.5,521.62,505.96,601.4,492.16,489.41,529.04,1.86667
1,0,565.86,569.39,703.32,598.56,620.56,621.36,599.42,671.21,545.36,3.77667
1,0,650.43,610.7,596.59,491.91,631.17,572.12,475.88,705.12,566.54,2.18
0,1,647.64,510.46,537.93,686.36,579.64,692.41,640.17,649.14,534.04,3.44667
1,0,586.54,495.82,465.98,620.32,461.85,572.12,539.25,521.62,479.67,2.05667
0,1,508.38,574.8,480.18,517.7,512.03,484.42,549.26,470.47,588.53,3.31
1,0,459.88,456.95,679.18,456.85,513.53,464.01,557.9,470.78,420.67,2.0
0,1,522.79,593.27,650.14,501.84,585.39,628.13,521.95,595.69,633.08,2.75
1,0,549.32,541.03,547.44,542.2,671.85,577.19,495.7,571.89,677.83,2.43667
0,1,465.34,457.9,502.22,559.61,497.07,533.92,546.49,509.97,434.94,3.26
1,0,584.54,484.02,426.25,434.19,478.55,536.89,371.64,489.41,596.36,1.41667
1,0,620.82,667.6,543.48,662.87,611.02,554.0,583.35,553.68,590.5,2.49333
0,1,645.81,646.38,703.32,554.43,450.98,597.45,411.34,522.42,545.36,3.57333
1,0,671.72,518.79,553.05,583.63,534.42,496.04,553.57,495.4,609.98,2.56667
1,0,469.73,384.3,624.47,542.2,585.39,449.82,448.64,429.04,431.71,3.35667
1,0,455.18,591.73,598.24,595.96,532.28,447.23,468.62,456.71,366.4,3.38667
0,1,672.47,620.71,703.32,686.8,677.09,836.61,704.99,764.2,716.79,3.66667
1,0,373.58,449.87,748.98,381.84,703.73,546.76,473.83,390.54,436.24,1.87667
1,0,505.69,459.78,630.61,487.23,624.07,454.74,539.35,396.13,484.79,2.77667
1,0,638.12,628.5,424.48,702.08,635.05,544.47,542.25,757.6,680.58,1.68333
1,0,794.44,570.49,553.37,642.31,627.74,640.22,514.55,722.93,608.55,3.02333
0,1,693.81,706.39,678.31,686.78,555.47,748.62,649.07,635.35,652.51,3.30667
0,1,480.19,682.52,598.85,519.85,528.43,604.97,576.32,467.43,462.23,2.24
0,1,705.72,633.67,632.43,659.14,576.42,692.94,610.83,653.9,701.81,3.37333
0,1,421.46,514.19,578.94,394.21,444.8,507.35,347.52,471.25,484.54,2.43
0,1,456.48,413.71,480.18,591.45,542.78,634.55,579.51,446.54,427.43,3.5
1,0,473.1,687.1,491.14,584.4,576.42,599.24,555.81,557.43,503.63,3.8
1,0,392.1,405.43,573.6,499.43,460.69,543.15,425.75,405.98,442.49,3.4
0,1,527.66,587.04,519.39,540.72,555.47,533.15,525.59,563.38,533.58,2.03333
1,0,752.42,595.05,623.63,554.43,620.56,477.87,390.55,634.01,741.28,1.86667
0,1,646.34,682.52,625.33,624.18,663.65,676.8,604.67,515.41,700.08,3.27
0,1,619.16,543.72,570.49,620.62,422.72,740.95,574.41,522.42,545.36,2.88333
1,0,485.41,485.12,468.42,632.05,490.79,549.81,528.15,396.13,509.42,3.57333
1,0,708.38,714.54,652.79,605.85,672.04,595.91,571.55,751.55,791.61,3.08667
0,1,455.18,440.0,488.73,529.05,479.78,596.71,403.61,514.89,427.52,3.05667
1,0,793.81,628.5,619.42,536.14,727.31,514.45,457.78,637.96,703.59,3.04667
0,1,650.43,679.62,705.44,546.94,534.42,698.93,631.25,705.12,653.41,3.85667
1,0,519.55,511.66,637.43,630.92,533.38,665.91,685.74,627.17,618.8,3.35667
0,1,654.03,713.81,726.63,634.23,678.52,692.94,635.8,673.19,569.69,2.5
1,0,645.81,543.72,650.19,664.74,592.3,477.87,572.78,764.2,520.87,2.75667
1,0,586.54,518.79,596.59,620.32,679.54,597.48,500.41,652.69,588.26,2.94667
1,0,482.79,566.44,516.1,417.54,663.52,554.0,445.68,456.71,509.01,3.22667
1,0,541.21,622.2,520.11,521.62,615.63,622.9,474.9,466.45,551.48,2.0
1,0,692.85,649.84,637.43,630.92,643.05,644.41,523.38,673.09,820.76,2.27667
1,0,465.14,383.76,607.44,559.64,535.21,502.27,476.62,580.14,386.3,1.66667
1,0,607.84,472.84,531.28,712.05,727.91,572.12,741.65,705.12,523.11,1.37333
1,0,607.84,495.82,640.13,601.98,631.17,445.31,494.28,678.9,566.54,1.25
0,1,592.51,672.04,623.63,576.49,648.83,669.2,606.24,708.41,741.28,2.83667
0,1,416.67,436.54,521.77,602.75,470.12,449.82,592.06,452.85,454.08,3.78333
1,0,565.61,591.73,598.24,685.17,611.02,660.77,569.97,553.68,651.62,2.52333
0,1,432.6,441.07,543.93,466.19,507.51,477.87,396.07,466.62,349.45,1.87667
0,1,618.02,663.02,679.18,669.71,619.2,569.53,603.15,643.56,507.95,3.5
1,0,361.51,539.3,545.88,415.53,474.34,389.5,423.37,467.43,438.44,1.45
1,0,619.16,466.74,623.63,620.62,648.83,549.61,534.13,689.81,545.36,1.22333
1,0,648.42,515.87,488.73,439.84,637.27,425.87,520.57,650.64,610.87,1.83333
1,0,703.64,617.02,543.48,618.26,558.53,682.12,650.59,728.22,753.48,2.73
0,1,553.1,626.78,655.67,683.65,680.01,640.22,547.77,490.61,484.54,3.83333
0,1,586.8,687.83,630.61,595.85,535.21,597.34,626.73,442.13,484.79,0.9
0,1,456.45,419.95,625.33,645.05,420.25,652.86,544.24,539.4,509.8,2.11
1,0,549.32,462.66,598.79,643.11,585.39,526.24,563.57,619.5,521.21,0.0
0,1,516.22,621.59,607.26,644.71,537.18,715.88,563.25,520.14,588.98,3.13333
0,1,662.8,683.07,553.37,538.93,627.74,560.5,497.31,568.05,608.55,3.24333
0,1,519.55,511.66,613.97,565.34,615.63,665.91,606.38,443.49,551.48,3.81
0,1,586.8,611.81,537.93,704.46,579.64,549.81,552.79,649.14,681.79,2.84333
0,1,649.52,705.11,731.29,609.06,697.88,751.93,710.31,719.01,641.24,4.0
0,1,519.55,649.84,543.57,543.48,533.38,644.41,532.34,466.45,529.04,3.53333
1,0,705.08,824.61,813.62,508.28,860.91,715.88,603.08,779.74,721.86,3.31667
0,1,480.19,515.43,651.82,624.18,528.43,652.86,605.42,515.41,462.23,2.24333
1,0,454.56,511.66,520.11,543.48,533.38,493.88,512.75,466.45,484.16,0.0
1,0,708.47,586.47,723.29,632.05,579.64,549.81,555.03,695.15,804.91,3.19
1,0,596.98,542.34,604.52,497.59,549.33,507.35,453.87,645.49,707.75,2.56667
0,1,667.91,586.47,422.08,523.44,490.79,430.97,555.03,672.15,583.29,2.41
1,0,628.92,645.51,470.42,602.75,556.57,551.71,627.59,548.08,700.2,3.63333
1,0,496.26,384.3,496.09,542.2,441.3,551.71,438.39,524.27,543.58,0.93
1,0,432.72,491.56,572.36,665.91,636.61,533.15,558.79,539.4,414.66,0.0
0,1,432.9,649.84,449.71,390.47,505.96,450.87,479.22,420.53,394.41,1.83333
1,0,618.92,598.63,757.97,600.96,680.01,693.37,645.18,606.77,707.75,4.0
0,1,510.39,541.16,653.0,685.17,611.02,703.48,563.59,573.07,529.38,3.39
0,1,456.45,539.3,572.36,436.39,420.25,628.91,535.66,395.46,414.66,3.22
0,1,575.04,542.34,604.52,518.26,601.6,719.94,566.93,471.25,534.15,3.40333
1,0,627.86,649.84,543.57,499.76,533.38,644.41,493.49,535.33,573.92,2.54333
1,0,509.22,401.6,476.64,518.26,549.33,587.07,478.46,451.89,509.35,1.27667
0,1,399.52,457.9,630.09,394.21,444.8,613.65,454.19,413.17,459.74,3.13333
1,0,717.55,610.91,651.82,624.18,636.61,533.15,657.28,803.28,700.08,3.61
1,0,618.02,482.71,626.39,393.0,698.46,411.25,516.97,643.56,595.23,2.33333
1,0,539.21,543.72,543.93,576.49,479.24,549.61,458.11,410.82,545.36,3.41333
0,1,642.13,596.21,538.47,391.33,429.27,453.66,512.34,614.54,500.39,3.1
0,1,584.54,539.3,496.64,499.76,560.8,622.9,700.02,466.45,618.8,3.15667
0,1,355.64,486.04,425.49,476.91,444.8,507.35,459.62,432.53,459.74,3.50667
0,1,572.83,559.99,415.23,414.28,487.11,569.53,555.03,449.18,529.77,2.68667
0,1,525.97,485.12,653.78,559.64,601.86,692.41,494.54,488.14,484.79,3.94333
1,0,684.1,621.59,584.33,586.24,591.14,405.98,510.13,543.74,611.12,0.08333
0,1,640.61,585.74,547.21,605.85,619.2,622.29,637.63,665.16,660.69,2.51333
0,1,592.51,492.4,490.79,598.56,535.77,382.2,502.62,485.22,422.92,3.53333
0,1,627.36,611.81,561.1,613.95,557.43,621.11,481.1,649.14,755.66,2.15667
0,1,456.45,491.56,572.36,540.72,447.29,437.38,594.98,467.43,533.58,3.50333
1,0,676.03,591.73,707.75,551.35,742.27,724.83,574.11,650.64,692.36,3.37
1,0,767.87,682.2,647.27,665.21,573.54,664.57,647.38,614.03,772.63,3.51333
1,0,519.55,456.39,567.04,477.9,533.38,515.38,407.83,581.25,596.36,0.62
1,0,820.79,748.55,727.21,712.05,703.73,775.02,512.68,836.19,783.72,3.45667
1,0,575.13,539.3,545.88,436.39,636.61,461.32,533.79,587.37,462.23,1.58
0,1,482.79,515.87,598.24,529.05,558.53,596.71,560.41,592.47,509.01,2.39
0,1,679.87,713.81,773.73,783.7,653.0,716.36,684.41,731.07,789.89,3.93333
0,1,497.89,566.93,567.04,609.06,588.21,601.4,617.67,558.29,484.16,2.66667
1,0,705.08,494.7,492.61,527.77,510.21,549.01,483.57,638.14,677.57,1.66667
0,1,534.33,601.65,535.88,591.45,604.29,574.5,540.41,518.32,611.54,2.90333
1,0,714.51,594.57,613.97,521.62,752.71,536.89,571.19,741.97,641.24,3.55667
1,0,519.55,594.57,543.57,652.77,670.46,601.4,678.44,719.01,439.29,3.0
0,1,576.49,526.81,467.59,634.23,550.9,716.36,689.13,711.78,679.79,2.68667
0,1,628.92,750.0,598.79,622.93,671.85,755.49,723.31,690.92,700.2,3.87
0,1,728.62,767.51,706.82,580.28,601.6,560.5,654.12,684.21,831.76,3.95333
0,1,655.45,619.39,778.52,703.66,614.21,755.49,734.52,762.35,700.2,3.52333
0,1,747.05,773.85,721.91,722.68,672.07,692.05,572.1,638.14,633.27,3.81
0,1,482.43,494.26,480.18,591.45,573.54,664.57,477.33,398.68,381.41,3.69
1,0,501.36,472.84,640.13,638.67,582.79,496.04,616.94,521.62,414.52,3.49
1,0,512.56,518.06,756.46,444.13,535.77,525.7,604.62,634.01,520.87,2.22333
0,1,485.9,338.42,517.36,422.07,422.72,477.87,429.2,448.02,471.9,2.41667
1,0,757.83,566.93,660.9,565.34,588.21,536.89,476.23,856.77,686.12,4.0
1,0,595.43,534.23,573.6,584.57,592.79,437.63,487.88,427.58,573.41,1.83333
0,1,379.3,543.72,623.63,730.92,535.77,549.61,583.5,541.01,569.85,2.36
1,0,487.28,457.9,578.94,538.93,523.2,560.5,535.31,432.53,434.94,3.89667
1,0,612.17,440.56,535.88,536.14,573.54,604.52,423.47,614.03,565.51,1.95
0,1,558.19,570.83,767.77,625.22,564.16,644.37,651.77,567.34,566.83,3.77667
0,1,444.86,561.13,653.78,686.36,557.43,597.34,559.52,442.13,435.55,3.02667
0,1,736.17,539.3,684.36,718.35,505.96,644.41,563.88,581.25,573.92,3.26667
1,0,725.77,543.72,650.19,664.74,648.83,453.95,594.55,727.01,716.79,1.03333
1,0,705.72,687.1,632.43,559.49,601.95,622.67,535.56,692.48,635.75,2.3
0,1,586.8,586.47,561.1,613.95,468.57,597.34,521.43,718.15,681.79,3.32333
0,1,638.12,574.8,563.73,628.33,573.54,634.55,568.81,542.25,680.58,3.07
0,1,474.25,545.46,538.47,527.77,510.21,572.85,397.26,472.94,566.83,2.11
0,1,679.87,553.53,561.79,634.23,550.9,622.67,687.78,692.48,679.79,3.47333
1,0,728.75,637.15,561.1,577.75,601.86,692.41,507.99,626.14,731.03,3.11
1,0,459.25,492.4,384.53,444.13,507.51,453.95,494.49,578.21,447.41,2.93333
0,1,757.83,539.3,590.5,565.34,560.8,622.9,556.91,558.29,618.8,3.61333
0,1,509.22,542.34,706.82,497.59,523.2,746.51,583.86,490.61,434.94,3.26667
0,1,443.4,457.9,578.94,414.89,392.53,640.22,320.05,451.89,534.15,1.22333
0,1,602.39,697.75,496.09,663.3,498.94,602.66,603.9,595.69,588.33,3.11
0,1,539.21,569.39,570.49,664.74,507.51,549.61,690.05,578.21,692.3,3.95333
1,0,672.47,595.05,517.36,554.43,507.51,501.78,551.67,727.01,692.3,2.28
1,0,670.08,658.65,784.25,728.51,744.79,700.74,627.06,707.32,652.51,2.84333
0,1,414.7,482.71,441.62,584.57,513.53,490.39,645.17,600.36,420.67,3.91667
1,0,654.03,767.24,585.34,684.05,627.47,458.69,566.61,731.07,811.91,2.17
0,1,399.52,457.9,553.37,559.61,523.2,587.07,533.08,432.53,509.35,2.44333
1,0,676.03,591.73,433.97,640.56,427.28,447.23,544.47,650.64,712.73,2.33333
0,1,622.6,491.56,519.39,561.58,555.47,557.09,584.9,587.37,604.94,2.31
1,0,814.06,541.16,543.48,573.66,532.28,639.41,694.25,708.82,631.24,2.19667
0,1,505.69,611.81,700.12,758.77,690.71,526.04,649.13,649.14,534.04,2.19333
1,0,750.56,542.34,527.79,600.96,627.74,693.37,422.57,742.29,682.95,2.45667
0,1,487.28,486.04,553.37,621.63,470.93,587.07,551.6,509.97,509.35,2.36
0,1,405.95,569.39,411.1,466.19,422.72,406.12,512.69,466.62,422.92,1.77667
0,1,485.9,466.74,543.93,400.01,592.3,406.12,369.11,392.22,471.9,2.93333
1,0,627.86,566.93,520.11,630.92,643.05,644.41,672.46,673.09,573.92,2.9
0,1,455.18,490.58,516.1,506.75,479.78,618.06,411.9,573.07,488.64,2.95333
1,0,663.12,646.97,630.19,391.33,456.25,501.34,459.23,449.34,522.53,2.77
